date,segment_index,start_period,end_period,interval,energy_kwh
2025-02-01,1,37,69,6:00-11:30,3942.58432766667
2025-02-01,2,72,72,11:50-12:00,20.990333333333332
2025-02-02,1,37,41,6:00-6:50,292.98041666666666
2025-02-02,2,43,57,7:00-9:30,2093.4548666666665
2025-02-02,3,61,64,10:00-10:40,138.4460499999997
2025-02-02,4,67,67,11:00-11:10,1.9614333333332372
2025-02-02,5,90,90,14:50-15:00,30.820716666666687
2025-02-02,6,96,96,15:50-16:00,13.616466666666685
2025-02-02,7,102,102,16:50-17:00,5.08871666666667
2025-02-03,1,37,41,6:00-6:50,316.1594499999999
2025-02-03,2,43,47,7:00-7:50,678.0805333333332
2025-02-03,3,49,53,8:00-8:50,547.426533333333
2025-02-03,4,55,58,9:00-9:40,465.59763333333314
2025-02-04,1,37,41,6:00-6:50,260.20933333333335
2025-02-04,2,43,47,7:00-7:50,809.6895666666663
2025-02-04,3,49,52,8:00-8:40,323.13179999999994
2025-02-04,4,55,65,9:00-10:50,1105.2878499999997
2025-02-04,5,67,67,11:00-11:10,12.51363333333332
2025-02-05,1,37,74,6:00-12:20,4121.682700000001
2025-02-05,2,84,84,13:50-14:00,12.748016666666595
2025-02-06,1,37,41,6:00-6:50,306.6536833333333
2025-02-06,2,43,47,7:00-7:50,567.0888500000001
2025-02-06,3,49,53,8:00-8:50,820.9380333333335
2025-02-06,4,55,58,9:00-9:40,264.8331666666663
2025-02-06,5,61,64,10:00-10:40,319.45965000000024
2025-02-07,1,37,41,6:00-6:50,311.5423333333334
2025-02-07,2,43,47,7:00-7:50,620.48735
2025-02-07,3,49,53,8:00-8:50,475.2109499999999
2025-02-07,4,55,65,9:00-10:50,1192.4901
2025-02-07,5,67,67,11:00-11:10,13.311233333333195
2025-02-08,1,37,41,6:00-6:50,337.7578166666666
2025-02-08,2,43,47,7:00-7:50,683.0821500000002
2025-02-08,3,49,52,8:00-8:40,376.8593166666668
2025-02-08,4,64,66,10:30-11:00,219.10243333333588
2025-02-08,5,68,78,11:10-13:00,848.2913500000001
2025-02-08,6,83,84,13:40-14:00,65.23951666666683
2025-02-08,7,87,90,14:20-15:00,240.44816666666685
2025-02-08,8,95,96,15:40-16:00,92.31953333333338
2025-02-08,9,102,102,16:50-17:00,12.076400000000007
2025-02-09,1,37,41,6:00-6:50,338.28589999999997
2025-02-09,2,43,47,7:00-7:50,552.5251999999997
2025-02-09,3,49,52,8:00-8:40,303.9126000000001
2025-02-09,4,55,56,9:00-9:20,28.017033333333224
2025-02-09,5,67,68,11:00-11:20,83.45569999999998
2025-02-09,6,70,71,11:30-11:50,32.18416666666659
2025-02-09,7,73,78,12:00-13:00,173.3187500000002
2025-02-09,8,84,84,13:50-14:00,32.32623333333337
2025-02-09,9,90,90,14:50-15:00,50.32363333333326
2025-02-10,1,37,47,6:00-7:50,1187.1459999999997
2025-02-10,2,49,52,8:00-8:40,494.9970666666667
2025-02-10,3,55,56,9:00-9:20,159.84580000000005
2025-02-10,4,61,61,10:00-10:10,28.96218333333339
2025-02-10,5,96,96,15:50-16:00,7.24735000000002
2025-02-11,1,37,72,6:00-12:00,4084.752366666665
2025-02-12,1,37,41,6:00-6:50,363.92373333333336
2025-02-12,2,43,47,7:00-7:50,571.1240999999999
2025-02-12,3,49,53,8:00-8:50,584.5207499999999
2025-02-12,4,55,57,9:00-9:30,274.03871666666646
2025-02-12,5,61,61,10:00-10:10,21.032400000000052
2025-02-12,6,67,67,11:00-11:10,11.226466666666813
2025-02-13,1,37,41,6:00-6:50,414.6977833333333
2025-02-13,2,43,47,7:00-7:50,613.7302166666666
2025-02-13,3,49,53,8:00-8:50,705.9950499999998
2025-02-13,4,55,58,9:00-9:40,400.1870333333334
2025-02-13,5,84,84,13:50-14:00,47.99293333333344
2025-02-13,6,89,90,14:40-15:00,39.17176666666668
2025-02-13,7,96,96,15:50-16:00,22.99609999999999
2025-02-13,8,102,102,16:50-17:00,8.47305
2025-02-14,1,37,41,6:00-6:50,369.69416666666655
2025-02-14,2,43,47,7:00-7:50,625.5999
2025-02-14,3,49,52,8:00-8:40,220.46739423868306
2025-02-14,4,68,70,11:10-11:40,43.23826666666688
2025-02-14,5,73,78,12:00-13:00,439.7668666666664
2025-02-14,6,81,84,13:20-14:00,262.58430000000027
2025-02-14,7,89,90,14:40-15:00,105.82
2025-02-14,8,95,96,15:40-16:00,66.39511666666665
2025-02-14,9,102,102,16:50-17:00,12.076700000000017
2025-02-15,1,37,59,6:00-9:50,2849.4213999999997
2025-02-15,2,61,62,10:00-10:20,34.11073333333343
2025-02-16,1,37,41,6:00-6:50,420.50603333333333
2025-02-16,2,43,47,7:00-7:50,669.4405166666667
2025-02-16,3,49,53,8:00-8:50,630.1005999999998
2025-02-16,4,55,62,9:00-10:20,455.0715666666666
2025-02-16,5,67,70,11:00-11:40,114.70983333333348
2025-02-17,1,37,41,6:00-6:50,482.0289833333333
2025-02-17,2,43,47,7:00-7:50,680.9156166666668
2025-02-17,3,49,51,8:00-8:30,206.0105666666665
2025-02-17,4,55,57,9:00-9:30,147.9593166666667
2025-02-17,5,96,96,15:50-16:00,27.509349999999962
2025-02-18,1,37,53,6:00-8:50,1852.6344333333334
2025-02-18,2,55,57,9:00-9:30,293.4984333333333
2025-02-18,3,63,84,10:20-14:00,1776.2601999999983
2025-02-18,4,88,90,14:30-15:00,117.64758333333339
2025-02-19,1,37,41,6:00-6:50,485.6655333333333
2025-02-19,2,43,53,7:00-8:50,1325.4360499999998
2025-02-19,3,55,72,9:00-12:00,1995.6261166666675
2025-02-19,4,75,78,12:20-13:00,244.6696
2025-02-19,5,83,84,13:40-14:00,76.89908333333324
2025-02-19,6,96,96,15:50-16:00,32.96976666666667
2025-02-19,7,102,102,16:50-17:00,9.416616666666659
2025-02-20,1,37,41,6:00-6:50,566.8191499999999
2025-02-20,2,43,47,7:00-7:50,683.8930166666665
2025-02-20,3,49,53,8:00-8:50,785.1070666666665
2025-02-20,4,55,56,9:00-9:20,102.21769999999998
2025-02-20,5,84,84,13:50-14:00,5.968933333333401
2025-02-20,6,96,96,15:50-16:00,27.418749999999967
2025-02-20,7,102,102,16:50-17:00,19.323299999999996
2025-02-21,1,37,47,6:00-7:50,1239.9925166666665
2025-02-21,2,49,51,8:00-8:30,125.67031666666655
2025-02-21,3,73,73,12:00-12:10,12.093333333333248
2025-02-21,4,75,78,12:20-13:00,140.55271666666627
2025-02-21,5,82,84,13:30-14:00,140.27614999999983
2025-02-21,6,88,90,14:30-15:00,180.6762999999999
2025-02-21,7,96,96,15:50-16:00,23.95205000000002
2025-02-21,8,102,102,16:50-17:00,14.74208333333333
2025-02-22,1,37,50,6:00-8:20,1572.7078666666666
2025-02-22,2,60,61,9:50-10:10,94.13946666666597
2025-02-22,3,70,71,11:30-11:50,20.44508333333336
2025-02-22,4,73,74,12:00-12:20,64.34655000000005
2025-02-22,5,76,78,12:30-13:00,139.86368333333348
2025-02-22,6,96,96,15:50-16:00,39.94091666666668
2025-02-23,1,37,41,6:00-6:50,544.6084833333333
2025-02-23,2,43,66,7:00-11:00,3184.1609833333346
2025-02-23,3,75,75,12:20-12:30,0.2556166666666589
2025-02-23,4,102,102,16:50-17:00,2.570216666666662
2025-02-24,1,37,41,6:00-6:50,522.6998333333333
2025-02-24,2,43,46,7:00-7:40,462.518
2025-02-24,3,49,52,8:00-8:40,590.53615
2025-02-24,4,55,57,9:00-9:30,129.33121666666662
2025-02-24,5,61,78,10:00-13:00,2123.5953666666665
2025-02-25,1,37,41,6:00-6:50,581.4847666666666
2025-02-25,2,43,46,7:00-7:40,404.28745
2025-02-25,3,49,51,8:00-8:30,336.07888333333347
2025-02-25,4,55,55,9:00-9:10,47.793699999999866
2025-02-25,5,102,102,16:50-17:00,2.8031833333333225
2025-02-26,1,37,41,6:00-6:50,647.43055
2025-02-26,2,43,47,7:00-7:50,807.6565833333332
2025-02-26,3,49,69,8:00-11:30,2489.104383333333
2025-02-26,4,71,78,11:40-13:00,1085.6104666666656
2025-02-26,5,84,84,13:50-14:00,39.9378166666667
2025-02-26,6,89,90,14:40-15:00,159.72839999999997
2025-02-26,7,95,96,15:40-16:00,60.89510000000003
2025-02-26,8,102,102,16:50-17:00,21.54324999999998
2025-02-27,1,37,41,6:00-6:50,530.2750666666666
2025-02-27,2,43,47,7:00-7:50,709.5799166666666
2025-02-27,3,49,64,8:00-10:40,2087.4354500000004
2025-02-27,4,75,78,12:20-13:00,90.00338333333319
2025-02-27,5,83,84,13:40-14:00,95.65158333333328
2025-02-27,6,89,90,14:40-15:00,96.22865000000002
2025-02-27,7,96,96,15:50-16:00,20.325499999999995
2025-02-27,8,102,102,16:50-17:00,12.080083333333315
2025-02-28,1,37,49,6:00-8:10,1785.449266666667
2025-02-28,2,68,78,11:10-13:00,850.8499833333334
2025-02-28,3,96,96,15:50-16:00,19.06526666666673
2025-03-01,1,37,41,6:00-6:50,542.4344333333333
2025-03-01,2,43,47,7:00-7:50,759.9084166666665
2025-03-01,3,49,53,8:00-8:50,370.5166999999999
2025-03-01,4,55,57,9:00-9:30,208.69239999999976
2025-03-01,5,67,70,11:00-11:40,131.5270999999998
2025-03-02,1,37,67,6:00-11:10,3966.09245
2025-03-02,2,71,72,11:40-12:00,70.17864999999983
2025-03-03,1,37,47,6:00-7:50,1379.6049500000001
2025-03-03,2,49,53,8:00-8:50,410.85548333333344
2025-03-03,3,55,59,9:00-9:50,273.6538499999998
2025-03-03,4,61,61,10:00-10:10,23.69561666666656
2025-03-03,5,95,96,15:40-16:00,110.0341999999999
2025-03-03,6,101,102,16:40-17:00,50.70094999999998
2025-03-04,1,37,41,6:00-6:50,655.9511166666666
2025-03-04,2,43,47,7:00-7:50,478.83873333333344
2025-03-04,3,49,78,8:00-13:00,3653.5257833333344
2025-03-04,4,81,84,13:20-14:00,310.4446666666666
2025-03-04,5,88,90,14:30-15:00,157.8816
2025-03-05,1,37,53,6:00-8:50,2056.421
2025-03-05,2,55,57,9:00-9:30,156.52161666666643
2025-03-05,3,61,63,10:00-10:30,111.14434999999972
2025-03-05,4,102,102,16:50-17:00,8.361483333333354
2025-03-06,1,37,41,6:00-6:50,669.5587333333333
2025-03-06,2,43,47,7:00-7:50,724.6657
2025-03-06,3,49,68,8:00-11:20,2849.6521833333327
2025-03-06,4,75,78,12:20-13:00,169.31436666666664
2025-03-07,1,37,41,6:00-6:50,620.6426
2025-03-07,2,43,47,7:00-7:50,798.1337666666667
2025-03-07,3,61,63,10:00-10:30,98.80851666666679
2025-03-07,4,67,67,11:00-11:10,8.771250000000084
2025-03-08,1,37,41,6:00-6:50,596.3237833333333
2025-03-08,2,43,48,7:00-8:00,956.2804430041153
2025-03-08,3,67,69,11:00-11:30,107.7863833333331
2025-03-08,4,71,71,11:40-11:50,3.6486166666665363
2025-03-09,1,37,58,6:00-9:40,2924.5388999999996
2025-03-10,1,37,41,6:00-6:50,643.0961666666666
2025-03-10,2,43,63,7:00-10:30,3501.1431000000002
2025-03-10,3,65,67,10:40-11:10,114.43509999999999
2025-03-10,4,69,69,11:20-11:30,0.7875500000000102
2025-03-10,5,73,78,12:00-13:00,270.9769499999997
2025-03-10,6,84,84,13:50-14:00,32.703933333333374
2025-03-10,7,102,102,16:50-17:00,9.594633333333338
2025-03-11,1,37,80,6:00-13:20,8699.255433333336
2025-03-11,2,82,84,13:30-14:00,111.93591666666649
2025-03-11,3,90,90,14:50-15:00,29.442766666666557
2025-03-11,4,96,96,15:50-16:00,30.567583333333307
2025-03-12,1,37,41,6:00-6:50,707.6983499999999
2025-03-12,2,43,47,7:00-7:50,775.07905
2025-03-12,3,49,53,8:00-8:50,741.984766666667
2025-03-12,4,55,57,9:00-9:30,340.94249999999994
2025-03-13,1,37,47,6:00-7:50,1491.9929333333334
2025-03-13,2,49,52,8:00-8:40,262.6906666666669
2025-03-13,3,61,63,10:00-10:30,83.76588333333332
2025-03-13,4,69,69,11:20-11:30,8.052183333333383
2025-03-13,5,73,84,12:00-14:00,1441.2037499999997
2025-03-13,6,96,96,15:50-16:00,25.291750000000015
2025-03-14,1,37,41,6:00-6:50,653.1307999999999
2025-03-14,2,43,47,7:00-7:50,611.2053833333332
2025-03-14,3,71,78,11:40-13:00,688.78225
2025-03-14,4,83,84,13:40-14:00,15.099049999999957
2025-03-14,5,90,90,14:50-15:00,26.052566666666735
2025-03-14,6,96,96,15:50-16:00,0.3953999999999572
2025-03-14,7,102,102,16:50-17:00,18.14865000000001
2025-03-15,1,37,41,6:00-6:50,598.1237666666666
2025-03-15,2,43,47,7:00-7:50,792.6104925925928
2025-03-15,3,67,72,11:00-12:00,196.29753333333463
2025-03-15,4,89,90,14:40-15:00,55.71773333333324
2025-03-15,5,95,96,15:40-16:00,47.71860000000007
2025-03-15,6,102,102,16:50-17:00,15.331083333333329
2025-03-16,1,37,41,6:00-6:50,595.4491999999999
2025-03-16,2,43,47,7:00-7:50,678.9106666666665
2025-03-16,3,49,67,8:00-11:10,2754.8060500000006
2025-03-16,4,71,72,11:40-12:00,68.20108333333322
2025-03-16,5,76,78,12:30-13:00,140.83845000000002
2025-03-16,6,102,102,16:50-17:00,14.672566666666663
2025-03-17,1,37,56,6:00-9:20,3350.328766666666
2025-03-17,2,90,90,14:50-15:00,38.291866666666614
2025-03-17,3,95,96,15:40-16:00,75.70286666666675
2025-03-17,4,102,102,16:50-17:00,16.802983333333334
2025-03-18,1,37,41,6:00-6:50,633.3630166666667
2025-03-18,2,43,47,7:00-7:50,640.5495833333333
2025-03-18,3,49,52,8:00-8:40,288.7057166666667
2025-03-18,4,90,90,14:50-15:00,3.9849333333333257
2025-03-19,1,37,78,6:00-13:00,6890.396383333334
2025-03-19,2,81,84,13:20-14:00,361.0385666666669
2025-03-19,3,89,90,14:40-15:00,74.80288333333313
2025-03-19,4,96,96,15:50-16:00,5.367633333333363
2025-03-20,1,37,72,6:00-12:00,6059.487266666668
2025-03-21,1,37,46,6:00-7:40,1317.7205499999998
2025-03-21,2,102,102,16:50-17:00,6.578049999999999
2025-03-22,1,37,41,6:00-6:50,642.9646166666665
2025-03-22,2,43,46,7:00-7:40,492.0419833333332
2025-03-22,3,68,70,11:10-11:40,204.4168333333335
2025-03-22,4,72,72,11:50-12:00,0.6583166666666026
2025-03-23,1,31,46,5:00-7:40,1100.1914666666664
2025-03-23,2,49,51,8:00-8:30,252.83103333333318
2025-03-23,3,55,59,9:00-9:50,341.67846666666674
2025-03-23,4,61,61,10:00-10:10,44.379766666666605
2025-03-23,5,67,69,11:00-11:30,186.84050000000008
2025-03-24,1,31,35,5:00-5:50,24.596933333333332
2025-03-24,2,37,41,6:00-6:50,713.7747833333333
2025-03-24,3,43,47,7:00-7:50,643.7040666666666
2025-03-24,4,49,52,8:00-8:40,556.5641166666666
2025-03-24,5,55,58,9:00-9:40,493.41088333333346
2025-03-24,6,75,76,12:20-12:40,62.38918333333337
2025-03-24,7,90,90,14:50-15:00,31.28771666666671
2025-03-24,8,96,96,15:50-16:00,63.68696666666665
2025-03-24,9,102,102,16:50-17:00,10.361199999999977
2025-03-24,10,108,108,17:50-18:00,0.7585333333333335
2025-03-25,1,31,41,5:00-6:50,716.9895666666667
2025-03-25,2,43,47,7:00-7:50,642.8860833333333
2025-03-25,3,49,53,8:00-8:50,491.8642166666668
2025-03-25,4,108,108,17:50-18:00,0.5513499999999993
2025-03-26,1,31,65,5:00-10:50,4757.079699999999
2025-03-26,2,67,72,11:00-12:00,313.04094999999927
2025-03-27,1,31,35,5:00-5:50,64.81661666666668
2025-03-27,2,37,41,6:00-6:50,619.8974499999999
2025-03-27,3,43,47,7:00-7:50,638.8997333333334
2025-03-27,4,49,51,8:00-8:30,251.89004999999997
2025-03-27,5,55,58,9:00-9:40,300.6507333333334
2025-03-27,6,61,62,10:00-10:20,104.11361666666667
2025-03-27,7,65,65,10:40-10:50,7.467633333333348
2025-03-27,8,67,72,11:00-12:00,393.31593333333285
2025-03-27,9,102,102,16:50-17:00,3.7597833333333406
2025-03-28,1,31,35,5:00-5:50,80.40246666666668
2025-03-28,2,37,41,6:00-6:50,578.1382666666667
2025-03-28,3,43,46,7:00-7:40,287.75186666666644
2025-03-28,4,77,78,12:40-13:00,36.047766666666725
2025-03-28,5,81,84,13:20-14:00,351.7204999999999
2025-03-28,6,88,90,14:30-15:00,172.98211666666685
2025-03-28,7,96,96,15:50-16:00,40.004766666666605
2025-03-29,1,31,35,5:00-5:50,101.80836666666667
2025-03-29,2,37,41,6:00-6:50,578.5373500000001
2025-03-29,3,43,46,7:00-7:40,358.4453
2025-03-29,4,80,84,13:10-14:00,50.96823333333365
2025-03-29,5,90,90,14:50-15:00,4.64375000000003
2025-03-29,6,96,96,15:50-16:00,70.44111666666663
2025-03-29,7,101,102,16:40-17:00,57.64603333333328
2025-03-29,8,108,108,17:50-18:00,1.9136499999999992
2025-03-30,1,31,51,5:00-8:30,2224.945683333333
2025-03-30,2,55,55,9:00-9:10,71.0280499999999
2025-03-30,3,61,61,10:00-10:10,3.7883166666667116
2025-03-30,4,108,108,17:50-18:00,1.0381166666666672
2025-03-31,1,31,84,5:00-14:00,6989.606383333329
2025-03-31,2,88,90,14:30-15:00,216.2967166666664
2025-03-31,3,96,96,15:50-16:00,16.759683333333363
2025-03-31,4,108,108,17:50-18:00,1.2148499999999984
2025-04-01,1,31,41,5:00-6:50,995.5388333333334
2025-04-01,2,43,47,7:00-7:50,817.9574666666667
2025-04-01,3,49,51,8:00-8:30,316.14553333333333
2025-04-01,4,89,90,14:40-15:00,70.1558666666668
2025-04-01,5,96,96,15:50-16:00,14.006166666666633
2025-04-02,1,31,35,5:00-5:50,155.14595
2025-04-02,2,37,41,6:00-6:50,760.0812666666666
2025-04-02,3,43,53,7:00-8:50,1099.3838833333327
2025-04-02,4,61,63,10:00-10:30,156.61169999999993
2025-04-02,5,76,81,12:30-13:30,200.71411666666637
2025-04-02,6,84,84,13:50-14:00,57.20351666666662
2025-04-02,7,89,90,14:40-15:00,92.43589999999993
2025-04-02,8,96,96,15:50-16:00,27.831249999999876
2025-04-02,9,102,102,16:50-17:00,6.543083333333357
2025-04-02,10,108,108,17:50-18:00,3.1197333333333335
2025-04-03,1,31,35,5:00-5:50,163.36611666666664
2025-04-03,2,37,41,6:00-6:50,651.6348166666667
2025-04-03,3,43,46,7:00-7:40,406.1110166666665
2025-04-03,4,49,51,8:00-8:30,194.8254333333331
2025-04-03,5,55,56,9:00-9:20,149.28158333333323
2025-04-03,6,61,64,10:00-10:40,207.23075000000017
2025-04-04,1,31,41,5:00-6:50,894.4703666666668
2025-04-04,2,43,45,7:00-7:30,353.72456666666653
2025-04-04,3,83,84,13:40-14:00,63.75596666666645
2025-04-04,4,90,90,14:50-15:00,2.7937499999999695
2025-04-04,5,102,102,16:50-17:00,10.38639999999998
2025-04-05,1,31,44,5:00-7:20,1275.781883333333
2025-04-05,2,76,78,12:30-13:00,177.2694499999999
2025-04-05,3,80,84,13:10-14:00,669.7718500000001
2025-04-05,4,87,90,14:20-15:00,500.0412833333331
2025-04-05,5,93,96,15:20-16:00,128.28106666666696
2025-04-05,6,102,102,16:50-17:00,30.367883333333374
2025-04-05,7,108,108,17:50-18:00,0.6675333333333336
2025-04-06,1,31,41,5:00-6:50,880.5006999999999
2025-04-06,2,43,47,7:00-7:50,612.5319499999998
2025-04-06,3,49,57,8:00-9:30,1016.9269499999998
2025-04-06,4,102,102,16:50-17:00,49.51316666666662
2025-04-06,5,108,108,17:50-18:00,7.0329666666666615
2025-04-07,1,31,35,5:00-5:50,289.55738333333335
2025-04-07,2,37,41,6:00-6:50,580.1265333333333
2025-04-07,3,43,47,7:00-7:50,580.9070833333332
2025-04-07,4,49,53,8:00-8:50,593.8189500000002
2025-04-07,5,55,58,9:00-9:40,351.48395
2025-04-07,6,61,61,10:00-10:10,16.9062833333334
2025-04-07,7,67,68,11:00-11:20,44.74421666666664
2025-04-07,8,70,72,11:30-12:00,214.64241666666686
2025-04-07,9,75,84,12:20-14:00,1259.7575
2025-04-07,10,87,90,14:20-15:00,440.4752999999997
2025-04-07,11,94,96,15:30-16:00,164.54263333333301
2025-04-07,12,102,102,16:50-17:00,53.31940000000001
2025-04-07,13,108,108,17:50-18:00,0.28493333333333715
2025-04-08,1,31,35,5:00-5:50,232.93979999999996
2025-04-08,2,37,41,6:00-6:50,516.9477499999998
2025-04-08,3,43,47,7:00-7:50,496.9237833333332
2025-04-08,4,49,53,8:00-8:50,490.2625333333333
2025-04-08,5,55,59,9:00-9:50,468.8784833333335
2025-04-08,6,61,66,10:00-11:00,707.9250500000004
2025-04-08,7,102,102,16:50-17:00,20.614483333333318
2025-04-08,8,108,108,17:50-18:00,2.2473499999999924
2025-04-09,1,31,41,5:00-6:50,953.8176833333335
2025-04-09,2,43,47,7:00-7:50,695.1703
2025-04-09,3,49,52,8:00-8:40,554.6075499999998
2025-04-09,4,54,72,8:50-12:00,3184.1037999999985
2025-04-09,5,77,78,12:40-13:00,108.55508333333333
2025-04-09,6,84,84,13:50-14:00,6.480200000000119
2025-04-09,7,102,102,16:50-17:00,9.607966666666698
2025-04-09,8,108,108,17:50-18:00,0.7290833333333353
2025-04-10,1,31,47,5:00-7:50,1751.0779166666664
2025-04-10,2,49,52,8:00-8:40,403.65264999999994
2025-04-10,3,55,59,9:00-9:50,298.5475666666671
2025-04-10,4,61,67,10:00-11:10,685.2475166666659
2025-04-10,5,77,78,12:40-13:00,77.30551666666709
2025-04-10,6,82,84,13:30-14:00,93.4396666666665
2025-04-11,1,31,44,5:00-7:20,1539.4370166666668
2025-04-11,2,84,84,13:50-14:00,17.549999999999876
2025-04-11,3,88,90,14:30-15:00,187.91559999999996
2025-04-11,4,96,96,15:50-16:00,53.615916666666635
2025-04-11,5,102,102,16:50-17:00,24.858799999999974
2025-04-11,6,108,108,17:50-18:00,7.251599999999996
2025-04-12,1,31,35,5:00-5:50,364.74246666666664
2025-04-12,2,37,41,6:00-6:50,794.2993166666665
2025-04-12,3,43,44,7:00-7:20,130.74681666666672
2025-04-13,1,31,52,5:00-8:40,2395.142316666666
2025-04-13,2,55,58,9:00-9:40,172.35606666666686
2025-04-13,3,61,62,10:00-10:20,80.9712666666666
2025-04-13,4,70,71,11:30-11:50,46.58018333333348
2025-04-13,5,78,84,12:50-14:00,677.1670166666667
2025-04-13,6,89,90,14:40-15:00,142.08963333333332
2025-04-13,7,96,96,15:50-16:00,26.96044999999996
2025-04-14,1,31,35,5:00-5:50,311.11154999999997
2025-04-14,2,37,40,6:00-6:40,422.40448333333325
2025-04-14,3,43,46,7:00-7:40,471.24083333333317
2025-04-14,4,49,50,8:00-8:20,78.18149999999983
2025-04-14,5,55,57,9:00-9:30,236.8430833333333
2025-04-14,6,61,70,10:00-11:40,769.8196666666666
2025-04-14,7,72,75,11:50-12:30,71.37574999999968
2025-04-15,1,31,35,5:00-5:50,374.8185666666667
2025-04-15,2,37,41,6:00-6:50,686.3299166666667
2025-04-15,3,43,47,7:00-7:50,623.0808333333333
2025-04-15,4,49,52,8:00-8:40,566.6155166666667
2025-04-15,5,55,58,9:00-9:40,357.21116666666666
2025-04-15,6,61,65,10:00-10:50,297.1994000000007
2025-04-15,7,67,72,11:00-12:00,382.6967833333334
2025-04-15,8,81,84,13:20-14:00,432.8852999999999
2025-04-15,9,87,90,14:20-15:00,416.78304999999995
2025-04-15,10,94,96,15:30-16:00,197.152966666667
2025-04-15,11,102,102,16:50-17:00,34.10598333333337
2025-04-15,12,108,108,17:50-18:00,23.333083333333338
2025-04-16,1,31,35,5:00-5:50,376.4126166666666
2025-04-16,2,37,41,6:00-6:50,595.3236333333334
2025-04-16,3,43,46,7:00-7:40,524.9548166666667
2025-04-16,4,49,53,8:00-8:50,656.98785
2025-04-16,5,55,56,9:00-9:20,82.6875666666668
2025-04-16,6,61,63,10:00-10:30,334.38179999999977
2025-04-16,7,73,77,12:00-12:50,383.8115833333333
2025-04-16,8,83,84,13:40-14:00,39.991400000000034
2025-04-16,9,88,90,14:30-15:00,143.3228999999998
2025-04-16,10,96,96,15:50-16:00,27.933733333333294
2025-04-16,11,102,102,16:50-17:00,53.31009999999999
2025-04-16,12,108,108,17:50-18:00,17.64293333333332
2025-04-17,1,31,41,5:00-6:50,1185.0394333333334
2025-04-17,2,43,78,7:00-13:00,5502.092900000001
2025-04-17,3,84,84,13:50-14:00,21.184900000000045
2025-04-17,4,89,90,14:40-15:00,33.232283333333115
2025-04-18,1,31,43,5:00-7:10,1368.3615166666668
2025-04-18,2,78,83,12:50-13:50,253.21508333333298
2025-04-18,3,87,90,14:20-15:00,492.4813333333333
2025-04-18,4,96,96,15:50-16:00,21.685600000000097
2025-04-18,5,102,102,16:50-17:00,18.876216666666625
2025-04-19,1,31,35,5:00-5:50,406.034
2025-04-19,2,37,41,6:00-6:50,541.9260666666664
2025-04-19,3,43,45,7:00-7:30,206.67298333333335
2025-04-19,4,82,84,13:30-14:00,230.6847166666663
2025-04-19,5,88,90,14:30-15:00,324.29393333333337
2025-04-19,6,94,96,15:30-16:00,269.85046666666665
2025-04-19,7,101,102,16:40-17:00,67.35510000000006
2025-04-19,8,108,108,17:50-18:00,14.16788333333333
2025-04-20,1,31,47,5:00-7:50,1835.8306166666669
2025-04-20,2,49,53,8:00-8:50,718.4879333333334
2025-04-20,3,55,59,9:00-9:50,675.0221499999999
2025-04-20,4,73,78,12:00-13:00,1293.8961166666666
2025-04-20,5,80,90,13:10-15:00,586.7819833333336
2025-04-20,6,95,96,15:40-16:00,70.70078333333329
2025-04-20,7,102,102,16:50-17:00,3.0686833333333348
2025-04-20,8,108,108,17:50-18:00,8.297349999999994
2025-04-21,1,31,53,5:00-8:50,2947.155666666667
2025-04-21,2,55,56,9:00-9:20,38.12496666666675
2025-04-21,3,61,63,10:00-10:30,62.24338333333344
2025-04-22,1,31,35,5:00-5:50,389.97558333333336
2025-04-22,2,37,40,6:00-6:40,519.2089
2025-04-22,3,43,46,7:00-7:40,517.8698999999999
2025-04-22,4,49,50,8:00-8:20,256.8734333333333
2025-04-22,5,55,56,9:00-9:20,61.2171000000005
2025-04-22,6,62,84,10:10-14:00,4034.220383333334
2025-04-22,7,87,90,14:20-15:00,222.38076666666663
2025-04-22,8,94,96,15:30-16:00,56.72661666666666
2025-04-22,9,102,102,16:50-17:00,42.49375000000001
2025-04-22,10,108,108,17:50-18:00,23.817016666666667
2025-04-23,1,31,47,5:00-7:50,2145.065016666666
2025-04-23,2,49,54,8:00-9:00,748.4111333333337
2025-04-23,3,62,84,10:10-14:00,3396.5895500000006
2025-04-23,4,86,90,14:10-15:00,564.29935
2025-04-23,5,95,96,15:40-16:00,40.07786666666652
2025-04-23,6,102,102,16:50-17:00,36.799999999999955
2025-04-23,7,108,108,17:50-18:00,0.8562000000000012
2025-04-24,1,31,35,5:00-5:50,462.71631666666667
2025-04-24,2,37,41,6:00-6:50,864.2484333333332
2025-04-24,3,43,46,7:00-7:40,476.483833333333
2025-04-24,4,49,51,8:00-8:30,242.07459999999978
2025-04-24,5,63,64,10:20-10:40,108.88080000000005
2025-04-24,6,67,78,11:00-13:00,1947.0835000000004
2025-04-24,7,84,84,13:50-14:00,31.31874999999991
2025-04-24,8,96,96,15:50-16:00,34.88884999999997
2025-04-24,9,102,102,16:50-17:00,10.513550000000047
2025-04-24,10,108,108,17:50-18:00,0.947366666666672
2025-04-25,1,31,42,5:00-7:00,1529.4253500000002
2025-04-25,2,77,78,12:40-13:00,116.53791666666666
2025-04-25,3,83,84,13:40-14:00,43.18775000000005
2025-04-26,1,31,43,5:00-7:10,1419.0096419753083
2025-04-26,2,80,84,13:10-14:00,290.768433333333
2025-04-26,3,90,90,14:50-15:00,6.085466666666585
2025-04-26,4,95,96,15:40-16:00,90.4399833333332
2025-04-27,1,31,35,5:00-5:50,462.38308333333333
2025-04-27,2,37,41,6:00-6:50,703.3190666666668
2025-04-27,3,43,55,7:00-9:10,2593.875166666667
2025-04-27,4,59,72,9:40-12:00,1868.4851666666661
2025-04-27,5,84,84,13:50-14:00,7.836366666666587
2025-04-27,6,90,90,14:50-15:00,43.427599999999984
2025-04-27,7,96,96,15:50-16:00,15.329266666666626
2025-04-27,8,102,102,16:50-17:00,57.71028333333334
2025-04-27,9,107,108,17:40-18:00,44.48476666666666
2025-04-28,1,31,35,5:00-5:50,436.36081666666666
2025-04-28,2,37,66,6:00-11:00,3988.1309500000007
2025-04-28,3,102,102,16:50-17:00,19.769949999999955
2025-04-28,4,108,108,17:50-18:00,12.703333333333319
2025-04-29,1,31,35,5:00-5:50,517.1815333333333
2025-04-29,2,37,53,6:00-8:50,3009.981366666667
2025-04-29,3,55,66,9:00-11:00,1170.9867499999987
2025-04-29,4,90,90,14:50-15:00,21.244133333333288
2025-04-29,5,94,96,15:30-16:00,157.79386666666647
2025-04-29,6,101,102,16:40-17:00,76.18490000000004
2025-04-29,7,108,108,17:50-18:00,23.554700000000004
2025-04-30,1,31,52,5:00-8:40,3795.6006666666663
2025-04-30,2,54,54,8:50-9:00,0.10111666666815111
2025-04-30,3,59,80,9:40-13:20,2745.665000000001
2025-04-30,4,84,84,13:50-14:00,51.049999999999876
2025-04-30,5,89,90,14:40-15:00,95.79801666666677
2025-05-01,1,31,57,5:00-9:30,4155.500283333331
2025-05-01,2,59,71,9:40-11:50,1039.5343666666656
2025-05-01,3,90,90,14:50-15:00,11.83163333333338
2025-05-01,4,96,96,15:50-16:00,10.541866666666616
2025-05-02,1,31,35,5:00-5:50,428.75733333333335
2025-05-02,2,37,41,6:00-6:50,588.6933833333335
2025-05-02,3,43,45,7:00-7:30,146.0951833333334
2025-05-02,4,73,73,12:00-12:10,5.904783333333398
2025-05-02,5,76,84,12:30-14:00,1174.0612666666668
2025-05-03,1,31,35,5:00-5:50,451.70956666666666
2025-05-03,2,37,41,6:00-6:50,498.1042166666667
2025-05-03,3,43,44,7:00-7:20,162.68881666666667
2025-05-04,1,31,35,5:00-5:50,581.5581833333333
2025-05-04,2,37,41,6:00-6:50,746.9347000000001
2025-05-04,3,43,47,7:00-7:50,576.6167666666669
2025-05-04,4,49,52,8:00-8:40,572.2914166666662
2025-05-04,5,55,60,9:00-10:00,557.658666666667
2025-05-04,6,79,81,13:00-13:30,107.07964999999997
2025-05-05,1,31,35,5:00-5:50,444.5934833333333
2025-05-05,2,37,41,6:00-6:50,374.7612
2025-05-05,3,43,47,7:00-7:50,403.2936666666665
2025-05-05,4,49,52,8:00-8:40,579.2818166666666
2025-05-05,5,55,58,9:00-9:40,289.24774999999994
2025-05-05,6,61,72,10:00-12:00,2143.6293333333338
2025-05-05,7,77,84,12:40-14:00,695.3243500000003
2025-05-05,8,89,90,14:40-15:00,55.24083333333343
2025-05-06,1,31,59,5:00-9:50,4706.935650000002
2025-05-06,2,62,78,10:10-13:00,1700.0265000000015
2025-05-06,3,83,84,13:40-14:00,131.76888333333318
2025-05-06,4,96,96,15:50-16:00,1.530149999999897
2025-05-06,5,101,102,16:40-17:00,88.59461666666667
2025-05-06,6,108,108,17:50-18:00,1.5701833333333373
2025-05-07,1,31,35,5:00-5:50,461.2407999999999
2025-05-07,2,37,56,6:00-9:20,2946.03585
2025-05-07,3,61,84,10:00-14:00,3133.7890000000007
2025-05-07,4,90,90,14:50-15:00,20.691199999999903
2025-05-08,1,31,41,5:00-6:50,1101.3419
2025-05-08,2,43,47,7:00-7:50,851.6599000000002
2025-05-08,3,49,52,8:00-8:40,363.57724999999976
2025-05-08,4,55,59,9:00-9:50,472.87288333333356
2025-05-08,5,88,90,14:30-15:00,80.53598333333335
2025-05-08,6,95,96,15:40-16:00,44.57180000000017
2025-05-08,7,102,102,16:50-17:00,18.67500000000003
2025-05-08,8,108,108,17:50-18:00,35.31389999999999
2025-05-09,1,31,45,5:00-7:30,1463.9056333333333
2025-05-09,2,101,102,16:40-17:00,40.742583333333336
2025-05-09,3,108,108,17:50-18:00,35.92658333333334
2025-05-10,1,31,35,5:00-5:50,555.9996166666666
2025-05-10,2,37,41,6:00-6:50,567.9258333333335
2025-05-10,3,43,44,7:00-7:20,98.9646
2025-05-10,4,46,47,7:30-7:50,25.89413333333337
2025-05-10,5,82,83,13:30-13:50,22.647499999999884
2025-05-10,6,88,90,14:30-15:00,53.86608333333303
2025-05-10,7,94,96,15:30-16:00,165.87371666666695
2025-05-10,8,101,102,16:40-17:00,127.46276666666668
2025-05-10,9,108,108,17:50-18:00,0.04475000000000288
2025-05-11,1,31,47,5:00-7:50,2026.3787333333337
2025-05-11,2,49,53,8:00-8:50,786.5907000000002
2025-05-11,3,55,59,9:00-9:50,130.58313333333354
2025-05-11,4,61,62,10:00-10:20,160.32560000000012
2025-05-11,5,67,77,11:00-12:50,593.1095666666664
2025-05-11,6,84,84,13:50-14:00,20.122399999999892
2025-05-11,7,95,96,15:40-16:00,86.71126666666669
2025-05-11,8,102,102,16:50-17:00,42.03749999999998
2025-05-11,9,108,108,17:50-18:00,26.56518333333334
2025-05-12,1,31,35,5:00-5:50,532.8575
2025-05-12,2,37,41,6:00-6:50,837.6466499999999
2025-05-12,3,43,47,7:00-7:50,892.8357711934187
2025-05-12,4,49,84,8:00-14:00,3965.7516833333325
2025-05-12,5,89,90,14:40-15:00,200.04481666666652
2025-05-12,6,95,96,15:40-16:00,130.8480000000001
2025-05-12,7,100,102,16:30-17:00,167.48580000000007
2025-05-12,8,108,108,17:50-18:00,29.236649999999976
2025-05-13,1,31,41,5:00-6:50,1028.4405333333332
2025-05-13,2,43,46,7:00-7:40,374.75599999999986
2025-05-13,3,49,50,8:00-8:20,69.4381999999999
2025-05-13,4,71,74,11:40-12:20,164.17124999999987
2025-05-13,5,76,78,12:30-13:00,91.9133166666667
2025-05-13,6,87,90,14:20-15:00,198.13684999999987
2025-05-13,7,95,96,15:40-16:00,111.85831666666672
2025-05-13,8,102,102,16:50-17:00,35.34375
2025-05-13,9,108,108,17:50-18:00,20.1875
2025-05-14,1,31,35,5:00-5:50,416.0700166666666
2025-05-14,2,37,41,6:00-6:50,619.7583000000001
2025-05-14,3,43,72,7:00-12:00,4572.517433333333
2025-05-15,1,31,35,5:00-5:50,551.2701666666666
2025-05-15,2,37,72,6:00-12:00,5690.364866666669
2025-05-15,3,75,78,12:20-13:00,314.15376666666646
2025-05-16,1,31,43,5:00-7:10,1233.7560956790117
2025-05-16,2,81,81,13:20-13:30,9.679816666666738
2025-05-16,3,84,84,13:50-14:00,21.779816666666797
2025-05-17,1,31,42,5:00-7:00,1154.4351166666668
2025-05-17,2,102,102,16:50-17:00,36.708116666666605
2025-05-17,3,108,108,17:50-18:00,17.962733333333325
2025-05-18,1,31,41,5:00-6:50,1219.5235166666666
2025-05-18,2,43,46,7:00-7:40,229.5223666666665
2025-05-18,3,49,53,8:00-8:50,694.5563833333329
2025-05-18,4,55,57,9:00-9:30,216.79219999999984
2025-05-18,5,96,96,15:50-16:00,5.359650000000025
2025-05-18,6,108,108,17:50-18:00,2.2192333333333445
2025-05-19,1,31,52,5:00-8:40,2745.7657999999997
2025-05-19,2,63,64,10:20-10:40,57.25858333333341
2025-05-19,3,84,84,13:50-14:00,23.136383333333317
2025-05-19,4,96,96,15:50-16:00,70.52500000000009
2025-05-19,5,102,102,16:50-17:00,19.70625000000003
2025-05-19,6,108,108,17:50-18:00,1.4373166666666368
2025-05-20,1,31,35,5:00-5:50,547.7669166666667
2025-05-20,2,37,41,6:00-6:50,693.4755333333334
2025-05-20,3,43,47,7:00-7:50,978.4930999999998
2025-05-20,4,49,53,8:00-8:50,684.6467166666667
2025-05-20,5,55,56,9:00-9:20,88.11130000000001
2025-05-20,6,61,86,10:00-14:20,2924.2295833333337
2025-05-20,7,88,90,14:30-15:00,302.0615000000001
2025-05-20,8,94,96,15:30-16:00,177.6946666666669
2025-05-20,9,102,102,16:50-17:00,12.056250000000015
2025-05-21,1,31,35,5:00-5:50,600.6975833333332
2025-05-21,2,37,55,6:00-9:10,2692.3052316872427
2025-05-21,3,58,78,9:30-13:00,2863.5039666666667
2025-05-21,4,88,90,14:30-15:00,319.5931499999998
2025-05-21,5,93,96,15:20-16:00,294.10838333333334
2025-05-21,6,102,102,16:50-17:00,21.32888333333335
2025-05-21,7,108,108,17:50-18:00,5.536033333333345
2025-05-22,1,31,35,5:00-5:50,581.2922333333332
2025-05-22,2,37,40,6:00-6:40,408.5549833333333
2025-05-22,3,43,47,7:00-7:50,535.93795
2025-05-22,4,49,52,8:00-8:40,301.3808833333331
2025-05-22,5,62,78,10:10-13:00,3145.638216666665
2025-05-22,6,83,84,13:40-14:00,138.24974999999995
2025-05-22,7,88,90,14:30-15:00,169.42874999999987
2025-05-22,8,96,96,15:50-16:00,0.2965666666667251
2025-05-23,1,31,35,5:00-5:50,580.1247666666666
2025-05-23,2,37,41,6:00-6:50,644.2263499999999
2025-05-23,3,79,80,13:00-13:20,162.98806666666678
2025-05-23,4,83,84,13:40-14:00,95.01945000000008
2025-05-23,5,94,96,15:30-16:00,251.17286666666678
2025-05-23,6,101,102,16:40-17:00,60.136799999999994
2025-05-23,7,108,108,17:50-18:00,0.7000000000000075
2025-05-24,1,31,41,5:00-6:50,1160.4892166666662
2025-05-24,2,77,78,12:40-13:00,156.76311666666675
2025-05-24,3,81,81,13:20-13:30,9.50625000000006
2025-05-24,4,84,84,13:50-14:00,10.918749999999969
2025-05-24,5,88,90,14:30-15:00,295.14643333333333
2025-05-25,1,31,35,5:00-5:50,570.2667333333333
2025-05-25,2,37,41,6:00-6:50,557.2522333333333
2025-05-25,3,43,47,7:00-7:50,903.1218499999999
2025-05-25,4,49,53,8:00-8:50,286.96574999999984
2025-05-25,5,55,58,9:00-9:40,314.1459000000001
2025-05-25,6,95,96,15:40-16:00,109.04058333333342
2025-05-25,7,102,102,16:50-17:00,17.75
2025-05-25,8,108,108,17:50-18:00,10.275000000000015
2025-05-26,1,31,84,5:00-14:00,9443.651433333333
2025-05-26,2,89,90,14:40-15:00,130.91405
2025-05-26,3,96,96,15:50-16:00,25.135583333333365
2025-05-27,1,31,41,5:00-6:50,1435.4731666666667
2025-05-27,2,43,53,7:00-8:50,2306.2598966666696
2025-05-27,3,60,72,9:50-12:00,2332.138366666665
2025-05-27,4,77,78,12:40-13:00,142.1815999999999
2025-05-27,5,84,84,13:50-14:00,6.338433333333342
2025-05-27,6,88,90,14:30-15:00,170.7359166666668
2025-05-27,7,96,96,15:50-16:00,9.007300000000061
2025-05-27,8,102,102,16:50-17:00,28.287499999999984
2025-05-27,9,108,108,17:50-18:00,2.056250000000015
2025-05-28,1,31,35,5:00-5:50,478.31143333333324
2025-05-28,2,37,41,6:00-6:50,490.27479999999997
2025-05-28,3,43,45,7:00-7:30,350.34795
2025-05-28,4,49,53,8:00-8:50,487.66999999999985
2025-05-28,5,55,55,9:00-9:10,24.83151666666678
2025-05-28,6,61,63,10:00-10:30,154.80759999999995
2025-05-28,7,66,68,10:50-11:20,100.14395000000013
2025-05-28,8,71,71,11:40-11:50,6.400300000000091
2025-05-28,9,73,78,12:00-13:00,923.4006999999993
2025-05-28,10,84,84,13:50-14:00,29.13125000000006
2025-05-28,11,90,90,14:50-15:00,39.63124999999991
2025-05-28,12,95,96,15:40-16:00,49.80081666666668
2025-05-28,13,101,102,16:40-17:00,74.7941
2025-05-29,1,31,47,5:00-7:50,2006.663816666667
2025-05-29,2,49,52,8:00-8:40,641.9054666666667
2025-05-29,3,55,57,9:00-9:30,180.63269999999994
2025-05-29,4,67,78,11:00-13:00,1373.8784833333325
2025-05-29,5,82,84,13:30-14:00,250.93123333333335
2025-05-29,6,86,90,14:10-15:00,225.40921666666645
2025-05-29,7,95,96,15:40-16:00,70.76726666666673
2025-05-29,8,102,102,16:50-17:00,3.933733333333369
2025-05-30,1,31,43,5:00-7:10,1437.0976611111123
2025-05-30,2,95,96,15:40-16:00,17.340983333333345
2025-05-30,3,101,102,16:40-17:00,50.6419333333334
2025-05-30,4,108,108,17:50-18:00,3.1668333333333294
2025-05-31,1,31,35,5:00-5:50,499.56441666666666
2025-05-31,2,37,40,6:00-6:40,220.33463333333322
2025-05-31,3,43,44,7:00-7:20,59.4157166666667
2025-05-31,4,69,72,11:20-12:00,215.08628333354446
2025-06-01,1,31,60,5:00-10:00,3409.9453333333327
2025-06-01,2,67,67,11:00-11:10,0.9648999999999432
2025-06-02,1,31,35,5:00-5:50,459.2516833333333
2025-06-02,2,37,41,6:00-6:50,521.5586166666666
2025-06-02,3,43,47,7:00-7:50,272.21144999999996
2025-06-02,4,49,52,8:00-8:40,320.31596666666655
2025-06-02,5,55,57,9:00-9:30,338.51586666666657
2025-06-03,1,31,35,5:00-5:50,396.93061666666665
2025-06-03,2,37,40,6:00-6:40,258.4436999999999
2025-06-03,3,43,45,7:00-7:30,180.9027166666668
2025-06-03,4,49,52,8:00-8:40,406.4919999999999
2025-06-03,5,55,59,9:00-9:50,99.02148333333298
2025-06-03,6,61,62,10:00-10:20,188.55823333333348
2025-06-03,7,65,70,10:40-11:40,220.47673333333339
2025-06-03,8,75,76,12:20-12:40,104.65741666666675
2025-06-03,9,88,90,14:30-15:00,48.583700000000285
2025-06-03,10,95,96,15:40-16:00,48.26616666666662
2025-06-03,11,102,102,16:50-17:00,11.364750000000033
2025-06-03,12,108,108,17:50-18:00,22.334399999999995
2025-06-04,1,31,35,5:00-5:50,520.9619666666667
2025-06-04,2,37,39,6:00-6:30,241.10625000000005
2025-06-04,3,43,46,7:00-7:40,258.41476666666654
2025-06-04,4,49,50,8:00-8:20,87.81314999999978
2025-06-05,1,31,35,5:00-5:50,472.50634999999994
2025-06-05,2,37,53,6:00-8:50,1348.310233333333
2025-06-05,3,55,66,9:00-11:00,661.8489833333334
2025-06-05,4,73,78,12:00-13:00,309.080483333333
2025-06-05,5,82,84,13:30-14:00,161.10883333333337
2025-06-05,6,89,96,14:40-16:00,619.1219666666669
2025-06-05,7,101,102,16:40-17:00,101.90526666666672
2025-06-05,8,108,108,17:50-18:00,19.618750000000013
2025-06-06,1,31,46,5:00-7:40,1364.2702666666664
2025-06-06,2,61,65,10:00-10:50,218.39183333333312
2025-06-06,3,67,67,11:00-11:10,14.41363333333326
2025-06-06,4,70,72,11:30-12:00,102.6553666666664
2025-06-06,5,75,78,12:20-13:00,248.11763333333343
2025-06-06,6,83,84,13:40-14:00,62.46404999999989
2025-06-06,7,88,90,14:30-15:00,49.55233333333323
2025-06-07,1,31,35,5:00-5:50,426.7954999999999
2025-06-07,2,37,41,6:00-6:50,500.15876666666657
2025-06-07,3,43,45,7:00-7:30,174.02703333333335
2025-06-07,4,49,51,8:00-8:30,71.70808333333343
2025-06-07,5,61,62,10:00-10:20,40.0042333333334
2025-06-07,6,101,102,16:40-17:00,52.3427
2025-06-07,7,108,108,17:50-18:00,11.287949999999984
2025-06-08,1,31,35,5:00-5:50,484.72285000000005
2025-06-08,2,37,41,6:00-6:50,366.72798333333327
2025-06-08,3,43,47,7:00-7:50,763.3645166666665
2025-06-08,4,49,50,8:00-8:20,173.60456666666641
2025-06-08,5,73,78,12:00-13:00,483.33501666666706
2025-06-08,6,80,90,13:10-15:00,1029.9061833333328
2025-06-08,7,95,96,15:40-16:00,89.78848333333326
2025-06-09,1,31,41,5:00-6:50,963.8454666666664
2025-06-09,2,43,45,7:00-7:30,170.99841666666663
2025-06-09,3,49,53,8:00-8:50,677.0132166666665
2025-06-09,4,55,56,9:00-9:20,78.80613333333318
2025-06-09,5,81,81,13:20-13:30,6.9227666666665755
2025-06-10,1,31,62,5:00-10:20,3648.606366666666
2025-06-10,2,68,78,11:10-13:00,802.5500833333338
2025-06-10,3,83,84,13:40-14:00,92.54488333333332
2025-06-10,4,90,90,14:50-15:00,25.480150000000016
2025-06-10,5,95,96,15:40-16:00,55.124866666666776
2025-06-10,6,102,102,16:50-17:00,6.2821333333333005
2025-06-10,7,108,108,17:50-18:00,14.452866666666655
2025-06-11,1,31,35,5:00-5:50,380.6584166666666
2025-06-11,2,37,72,6:00-12:00,5573.561549999999
2025-06-11,3,78,78,12:50-13:00,7.707166666666732
2025-06-12,1,25,27,4:00-4:30,0.26893333333333336
2025-06-12,2,29,35,4:40-5:50,457.19868333333335
2025-06-12,3,37,41,6:00-6:50,491.30241666666683
2025-06-12,4,43,47,7:00-7:50,465.9333666666666
2025-06-12,5,49,52,8:00-8:40,397.37594999999965
2025-06-12,6,55,57,9:00-9:30,223.29436666666666
2025-06-12,7,61,66,10:00-11:00,420.0000166666664
2025-06-12,8,69,72,11:20-12:00,155.7186833333332
2025-06-12,9,77,78,12:40-13:00,35.76326666666667
2025-06-12,10,82,84,13:30-14:00,123.43050000000008
2025-06-12,11,88,90,14:30-15:00,147.51431666666667
2025-06-13,1,25,27,4:00-4:30,0.8685333333333333
2025-06-13,2,29,46,4:40-7:40,1340.8854666666668
2025-06-13,3,49,49,8:00-8:10,13.859816666666632
2025-06-13,4,64,78,10:30-13:00,1109.5765666666919
2025-06-13,5,108,108,17:50-18:00,11.504933333333344
2025-06-13,6,114,114,18:50-19:00,0.09953333333333332
2025-06-14,1,25,27,4:00-4:30,1.694433333333333
2025-06-14,2,29,45,4:40-7:30,1367.245666666667
2025-06-14,3,53,53,8:40-8:50,87.41253333333374
2025-06-14,4,55,55,9:00-9:10,5.524116666666638
2025-06-14,5,57,57,9:20-9:30,22.732599999998442
2025-06-14,6,73,74,12:00-12:20,96.82924999999992
2025-06-15,1,25,35,4:00-5:50,502.1335666666667
2025-06-15,2,37,41,6:00-6:50,534.6564166666665
2025-06-15,3,43,78,7:00-13:00,6176.386266666668
2025-06-15,4,80,84,13:10-14:00,226.9488833333336
2025-06-15,5,102,102,16:50-17:00,4.460349999999986
2025-06-16,1,25,29,4:00-4:50,3.2132166666666664
2025-06-16,2,31,35,5:00-5:50,395.8750166666666
2025-06-16,3,37,66,6:00-11:00,5158.1556666666675
2025-06-16,4,70,72,11:30-12:00,123.32093333333326
2025-06-16,5,76,77,12:30-12:50,85.09433333333345
2025-06-16,6,89,89,14:40-14:50,27.04534999999987
2025-06-16,7,102,102,16:50-17:00,6.358916666666649
2025-06-16,8,108,108,17:50-18:00,17.111700000000003
2025-06-16,9,114,114,18:50-19:00,0.16579999999999995
2025-06-17,1,25,29,4:00-4:50,3.9099499999999994
2025-06-17,2,31,35,5:00-5:50,504.87185
2025-06-17,3,37,72,6:00-12:00,4967.267783333333
2025-06-17,4,81,82,13:20-13:40,29.517500000000076
2025-06-17,5,87,89,14:20-14:50,66.32419999999986
2025-06-17,6,96,96,15:50-16:00,55.947716666666715
2025-06-17,7,102,102,16:50-17:00,8.433416666666668
2025-06-18,1,25,56,4:00-9:20,3233.3214666666663
2025-06-18,2,59,66,9:40-11:00,691.7459000000001
2025-06-18,3,102,102,16:50-17:00,7.402416666666643
2025-06-18,4,114,114,18:50-19:00,0.17684999999999995
2025-06-19,1,25,29,4:00-4:50,5.345266666666667
2025-06-19,2,31,35,5:00-5:50,432.43903333333327
2025-06-19,3,37,41,6:00-6:50,666.7292500000002
2025-06-19,4,43,45,7:00-7:30,181.30898333333334
2025-06-19,5,49,51,8:00-8:30,79.61083333333332
2025-06-19,6,55,56,9:00-9:20,105.15099999999998
2025-06-19,7,61,61,10:00-10:10,7.829349999999977
2025-06-19,8,69,78,11:20-13:00,539.9831666666669
2025-06-19,9,83,90,13:40-15:00,732.0887666666672
2025-06-19,10,95,96,15:40-16:00,92.46521666666663
2025-06-19,11,101,102,16:40-17:00,52.89448333333325
2025-06-19,12,107,108,17:40-18:00,48.99386666666669
2025-06-19,13,114,114,18:50-19:00,0.11686666666666667
2025-06-20,1,25,29,4:00-4:50,5.963833333333333
2025-06-20,2,31,35,5:00-5:50,468.6015
2025-06-20,3,37,41,6:00-6:50,517.8754166666666
2025-06-20,4,43,43,7:00-7:10,39.57665
2025-06-20,5,63,63,10:20-10:30,18.3258833333385
2025-06-20,6,81,84,13:20-14:00,62.088266666666335
2025-06-20,7,88,90,14:30-15:00,40.10306666666671
2025-06-21,1,25,29,4:00-4:50,5.2416
2025-06-21,2,31,35,5:00-5:50,362.6615999999999
2025-06-21,3,37,41,6:00-6:50,655.7191500000001
2025-06-21,4,43,44,7:00-7:20,85.20998333333335
2025-06-21,5,71,73,11:40-12:10,172.5012499999998
2025-06-21,6,78,78,12:50-13:00,8.32011666666661
2025-06-21,7,84,90,13:50-15:00,381.17738333333347
2025-06-22,1,25,29,4:00-4:50,7.576649999999999
2025-06-22,2,31,53,5:00-8:50,2898.8451166666664
2025-06-22,3,55,58,9:00-9:40,156.7804333333335
2025-06-22,4,69,70,11:20-11:40,21.886149999999965
2025-06-22,5,72,78,11:50-13:00,287.7531500000003
2025-06-22,6,80,90,13:10-15:00,913.3200333333335
2025-06-22,7,93,96,15:20-16:00,200.95883333333327
2025-06-22,8,102,102,16:50-17:00,43.987500000000026
2025-06-22,9,107,108,17:40-18:00,37.722883333333314
2025-06-23,1,25,29,4:00-4:50,6.092783333333333
2025-06-23,2,31,35,5:00-5:50,415.5919333333334
2025-06-23,3,37,40,6:00-6:40,394.5824833333332
2025-06-23,4,43,47,7:00-7:50,433.59966666666645
2025-06-23,5,49,51,8:00-8:30,104.95909999999988
2025-06-23,6,55,59,9:00-9:50,401.7240999999999
2025-06-23,7,61,62,10:00-10:20,136.76821666666638
2025-06-23,8,67,78,11:00-13:00,1463.26075
2025-06-23,9,83,89,13:40-14:50,252.1247166666665
2025-06-23,10,95,96,15:40-16:00,64.49613333333323
2025-06-24,1,25,57,4:00-9:30,2732.049983333333
2025-06-24,2,60,66,9:50-11:00,859.7126333333329
2025-06-25,1,25,29,4:00-4:50,5.078383333333334
2025-06-25,2,31,35,5:00-5:50,448.1228499999999
2025-06-25,3,37,41,6:00-6:50,547.8473666666667
2025-06-25,4,43,46,7:00-7:40,405.3728333333332
2025-06-25,5,49,51,8:00-8:30,137.88491666666656
2025-06-25,6,61,61,10:00-10:10,27.95061666666667
2025-06-25,7,65,90,10:40-15:00,2282.688466666666
2025-06-25,8,94,96,15:30-16:00,245.6133333333332
2025-06-25,9,101,102,16:40-17:00,67.37948333333337
2025-06-25,10,108,108,17:50-18:00,11.712016666666688
2025-06-26,1,25,29,4:00-4:50,4.349033333333334
2025-06-26,2,31,35,5:00-5:50,371.59824999999995
2025-06-26,3,37,41,6:00-6:50,381.59205000000003
2025-06-26,4,43,46,7:00-7:40,289.5799166666666
2025-06-26,5,49,51,8:00-8:30,29.58045000000023
2025-06-26,6,55,57,9:00-9:30,184.83190000000027
2025-06-26,7,61,90,10:00-15:00,3675.5396500000006
2025-06-26,8,96,96,15:50-16:00,30.324449999999917
2025-06-27,1,25,29,4:00-4:50,2.9961999999999995
2025-06-27,2,31,35,5:00-5:50,353.2375833333333
2025-06-27,3,37,40,6:00-6:40,379.3097666666667
2025-06-27,4,43,44,7:00-7:20,106.75279999999998
2025-06-27,5,68,72,11:10-12:00,654.3518000000001
2025-06-27,6,114,114,18:50-19:00,0.038833333333333275
2025-06-28,1,25,27,4:00-4:30,2.068033333333333
2025-06-28,2,29,47,4:40-7:50,1444.9525333333333
2025-06-28,3,69,72,11:20-12:00,426.9798333333276
2025-06-28,4,77,78,12:40-13:00,6.822083333333467
2025-06-28,5,83,84,13:40-14:00,126.26476666666667
2025-06-28,6,90,90,14:50-15:00,33.61686666666658
2025-06-29,1,25,27,4:00-4:30,1.24825
2025-06-29,2,29,29,4:40-4:50,0.43343333333333334
2025-06-29,3,31,35,5:00-5:50,389.70140000000004
2025-06-29,4,37,40,6:00-6:40,357.25178333333326
2025-06-29,5,43,45,7:00-7:30,164.11676666666676
2025-06-29,6,49,53,8:00-8:50,372.47559999999976
2025-06-29,7,55,59,9:00-9:50,553.6169499999997
2025-06-29,8,61,63,10:00-10:30,300.91621666666634
2025-06-29,9,65,66,10:40-11:00,13.183683333333343
2025-06-29,10,68,90,11:10-15:00,4020.95565
2025-06-29,11,93,96,15:20-16:00,353.7202833333332
2025-06-29,12,100,102,16:30-17:00,86.24704999999993
2025-06-29,13,107,108,17:40-18:00,59.045216666666676
2025-06-29,14,114,114,18:50-19:00,0.01391666666666665
2025-06-30,1,25,27,4:00-4:30,0.6090666666666666
2025-06-30,2,29,47,4:40-7:50,1631.6847
2025-06-30,3,49,56,8:00-9:20,579.0951999999996
2025-06-30,4,60,66,9:50-11:00,1494.5297166666671
2025-06-30,5,72,78,11:50-13:00,451.6656666666664
2025-06-30,6,89,89,14:40-14:50,5.597050000000005
2025-06-30,7,102,102,16:50-17:00,3.6352333333333413
2025-06-30,8,108,108,17:50-18:00,13.574416666666668
2025-06-30,9,114,114,18:50-19:00,0.06066666666666668
2025-07-01,1,26,27,4:10-4:30,0.026099999999999998
2025-07-01,2,29,47,4:40-7:50,1889.4066999999998
2025-07-01,3,49,55,8:00-9:10,684.7478666666664
2025-07-01,4,61,65,10:00-10:50,296.5799666666666
2025-07-01,5,67,78,11:00-13:00,2322.2451333333333
2025-07-01,6,84,84,13:50-14:00,23.26975000000008
2025-07-01,7,87,90,14:20-15:00,448.8470666666668
2025-07-01,8,92,96,15:10-16:00,111.25653333333335
2025-07-01,9,108,108,17:50-18:00,2.528416666666658
2025-07-01,10,114,114,18:50-19:00,0.0013833333333333336
2025-07-02,1,31,35,5:00-5:50,553.7533333333333
2025-07-02,2,37,41,6:00-6:50,515.9582666666665
2025-07-02,3,43,47,7:00-7:50,638.2760666666666
2025-07-02,4,49,53,8:00-8:50,490.2036833333333
2025-07-02,5,55,58,9:00-9:40,419.3368000000003
2025-07-02,6,61,66,10:00-11:00,958.185916666666
2025-07-02,7,68,84,11:10-14:00,1436.5674666666655
2025-07-03,1,31,35,5:00-5:50,514.5555999999999
2025-07-03,2,37,41,6:00-6:50,416.1743999999997
2025-07-03,3,43,45,7:00-7:30,117.91641666666669
2025-07-03,4,49,51,8:00-8:30,244.84323333333316
2025-07-03,5,55,66,9:00-11:00,1295.105783333333
2025-07-03,6,73,78,12:00-13:00,960.6292833333333
2025-07-03,7,84,84,13:50-14:00,49.15261666666659
2025-07-03,8,102,102,16:50-17:00,19.444349999999986
2025-07-04,1,31,35,5:00-5:50,581.1540333333334
2025-07-04,2,37,41,6:00-6:50,485.6501166666665
2025-07-04,3,43,44,7:00-7:20,215.59149999999983
2025-07-04,4,72,72,11:50-12:00,126.27951666668771
2025-07-04,5,77,84,12:40-14:00,1137.5970333333335
2025-07-04,6,88,90,14:30-15:00,203.02778333333345
2025-07-04,7,94,96,15:30-16:00,171.38955
2025-07-04,8,101,102,16:40-17:00,30.687066666666773
2025-07-05,1,31,35,5:00-5:50,430.0815999999999
2025-07-05,2,37,41,6:00-6:50,582.4126666666667
2025-07-05,3,43,45,7:00-7:30,263.19338333333326
2025-07-05,4,72,84,11:50-14:00,1206.216516666656
2025-07-05,5,88,90,14:30-15:00,232.4687500000001
2025-07-05,6,95,96,15:40-16:00,72.22131666666655
2025-07-05,7,102,102,16:50-17:00,24.532050000000027
2025-07-06,1,31,35,5:00-5:50,487.14369999999997
2025-07-06,2,37,72,6:00-12:00,7317.034616666666
2025-07-06,3,75,78,12:20-13:00,135.1660500000001
2025-07-06,4,89,90,14:40-15:00,6.582583333333331
2025-07-06,5,96,96,15:50-16:00,44.71959999999997
2025-07-06,6,100,102,16:30-17:00,142.73641666666663
2025-07-06,7,108,108,17:50-18:00,38.67499999999999
2025-07-07,1,31,35,5:00-5:50,598.7245
2025-07-07,2,37,41,6:00-6:50,648.9422000000001
2025-07-07,3,43,47,7:00-7:50,919.1552833333336
2025-07-07,4,49,60,8:00-10:00,1407.3809833333337
2025-07-07,5,64,65,10:30-10:50,22.23845000000013
2025-07-07,6,67,67,11:00-11:10,33.4085333333334
2025-07-07,7,70,71,11:30-11:50,31.065083333333554
2025-07-07,8,78,78,12:50-13:00,16.972766666666757
2025-07-08,1,31,47,5:00-7:50,1768.0535833333333
2025-07-08,2,49,53,8:00-8:50,491.8295166666668
2025-07-08,3,55,55,9:00-9:10,18.43265000000004
2025-07-08,4,61,65,10:00-10:50,575.0845166666667
2025-07-08,5,69,69,11:20-11:30,42.91015
2025-07-08,6,90,90,14:50-15:00,77.82161666666661
2025-07-08,7,96,96,15:50-16:00,53.32739999999997
2025-07-08,8,101,102,16:40-17:00,26.917933333333316
2025-07-08,9,108,108,17:50-18:00,29.36648333333331
2025-07-09,1,31,41,5:00-6:50,995.1970500000001
2025-07-09,2,43,47,7:00-7:50,423.8825833333332
2025-07-09,3,49,53,8:00-8:50,594.7463
2025-07-09,4,55,59,9:00-9:50,393.0336500000003
2025-07-09,5,102,102,16:50-17:00,28.80468333333336
2025-07-09,6,107,108,17:40-18:00,27.917700000000043
2025-07-10,1,31,65,5:00-10:50,5512.038133333333
2025-07-10,2,68,68,11:10-11:20,6.9169999999997644
2025-07-10,3,76,78,12:30-13:00,61.817083333333656
2025-07-10,4,84,84,13:50-14:00,37.948816666666666
2025-07-10,5,96,96,15:50-16:00,36.53668333333326
2025-07-10,6,102,102,16:50-17:00,28.510166666666613
2025-07-10,7,108,108,17:50-18:00,25.22713333333335
2025-07-11,1,31,35,5:00-5:50,464.5175166666666
2025-07-11,2,37,41,6:00-6:50,536.7938166666665
2025-07-11,3,43,46,7:00-7:40,361.996183333333
2025-07-11,4,71,72,11:40-12:00,6.790116666666714
2025-07-11,5,77,84,12:40-14:00,569.1667166666666
2025-07-11,6,89,90,14:40-15:00,3.2832499999999527
2025-07-12,1,31,35,5:00-5:50,507.03076666666664
2025-07-12,2,37,41,6:00-6:50,625.5626333333336
2025-07-12,3,43,46,7:00-7:40,216.48133333333317
2025-07-12,4,72,78,11:50-13:00,781.4533166666654
2025-07-12,5,82,84,13:30-14:00,318.3753666666663
2025-07-12,6,87,90,14:20-15:00,303.9701166666665
2025-07-12,7,95,96,15:40-16:00,73.26660000000007
2025-07-12,8,101,102,16:40-17:00,66.09936666666673
2025-07-12,9,108,108,17:50-18:00,2.4994500000000244
2025-07-13,1,31,35,5:00-5:50,519.4761000000001
2025-07-13,2,37,40,6:00-6:40,247.06818333333345
2025-07-13,3,43,47,7:00-7:50,401.2259166666667
2025-07-13,4,49,52,8:00-8:40,403.08454999999975
2025-07-13,5,55,71,9:00-11:50,1725.0904166666676
2025-07-14,1,31,47,5:00-7:50,1912.4837666666663
2025-07-14,2,49,52,8:00-8:40,586.800783333333
2025-07-14,3,55,56,9:00-9:20,190.8128333333334
2025-07-14,4,80,84,13:10-14:00,211.9240666666666
2025-07-14,5,90,90,14:50-15:00,7.375
2025-07-14,6,95,96,15:40-16:00,80.76733333333353
2025-07-14,7,102,102,16:50-17:00,20.14375000000003
2025-07-14,8,108,108,17:50-18:00,29.544549999999994
2025-07-15,1,31,41,5:00-6:50,1324.7722333333334
2025-07-15,2,43,47,7:00-7:50,649.86845
2025-07-15,3,49,53,8:00-8:50,666.5518500000003
2025-07-15,4,55,58,9:00-9:40,111.81138333333351
2025-07-15,5,74,76,12:10-12:40,140.69876666666656
2025-07-15,6,80,84,13:10-14:00,85.30800000000013
2025-07-15,7,102,102,16:50-17:00,6.390049999999974
2025-07-15,8,108,108,17:50-18:00,16.43268333333333
2025-07-16,1,31,35,5:00-5:50,471.83051666666665
2025-07-16,2,37,41,6:00-6:50,588.9716166666665
2025-07-16,3,43,46,7:00-7:40,271.1139
2025-07-16,4,49,52,8:00-8:40,319.0516833333337
2025-07-16,5,55,57,9:00-9:30,184.32573333333343
2025-07-16,6,61,84,10:00-14:00,2765.3116333333323
2025-07-16,7,90,90,14:50-15:00,43.38471666666661
2025-07-17,1,31,47,5:00-7:50,1889.5372333333335
2025-07-17,2,49,53,8:00-8:50,297.6470833333333
2025-07-17,3,55,58,9:00-9:40,362.0016833333334
2025-07-17,4,61,64,10:00-10:40,594.1062666666663
2025-07-17,5,67,73,11:00-12:10,454.0631666666673
2025-07-17,6,77,84,12:40-14:00,419.18778333333296
2025-07-17,7,86,90,14:10-15:00,427.59490000000034
2025-07-17,8,94,96,15:30-16:00,156.42553333333353
2025-07-17,9,100,102,16:30-17:00,132.97551666666678
2025-07-17,10,108,108,17:50-18:00,21.44614999999999
2025-07-18,1,31,35,5:00-5:50,551.8257833333332
2025-07-18,2,37,46,6:00-7:40,865.3192999999999
2025-07-18,3,62,66,10:10-11:00,790.3950833333334
2025-07-18,4,73,73,12:00-12:10,26.20088333333327
2025-07-18,5,102,102,16:50-17:00,23.487983333333354
2025-07-18,6,108,108,17:50-18:00,7.579716666666684
2025-07-19,1,31,41,5:00-6:50,1409.8667333333335
2025-07-19,2,43,43,7:00-7:10,18.473216666666673
2025-07-19,3,62,65,10:10-10:50,418.8082666666682
2025-07-19,4,108,108,17:50-18:00,10.813233333333338
2025-07-20,1,31,35,5:00-5:50,466.59531666666663
2025-07-20,2,37,47,6:00-7:50,1529.2708333333337
2025-07-20,3,49,54,8:00-9:00,1082.8888833333333
2025-07-20,4,61,64,10:00-10:40,482.25221666666687
2025-07-20,5,89,90,14:40-15:00,104.45516666666663
2025-07-20,6,96,96,15:50-16:00,6.672399999999925
2025-07-20,7,102,102,16:50-17:00,43.103283333333366
2025-07-20,8,108,108,17:50-18:00,28.274999999999977
2025-07-21,1,31,47,5:00-7:50,1967.2163833333339
2025-07-21,2,49,51,8:00-8:30,276.36463333333324
2025-07-21,3,55,59,9:00-9:50,850.6157833333335
2025-07-21,4,61,63,10:00-10:30,170.93899999999996
2025-07-21,5,77,77,12:40-12:50,11.964783333333344
2025-07-21,6,79,81,13:00-13:30,143.01024999999981
2025-07-21,7,84,84,13:50-14:00,43.0649999999999
2025-07-21,8,108,108,17:50-18:00,21.91061666666667
2025-07-22,1,31,58,5:00-9:40,3784.31125
2025-07-22,2,61,63,10:00-10:30,73.2216333333334
2025-07-22,3,67,72,11:00-12:00,1009.9595666666667
2025-07-22,4,75,78,12:20-13:00,212.32256666666626
2025-07-22,5,102,102,16:50-17:00,13.946883333333364
2025-07-23,1,31,35,5:00-5:50,467.1817333333333
2025-07-23,2,37,40,6:00-6:40,360.3262499999999
2025-07-23,3,43,46,7:00-7:40,507.28146666666663
2025-07-23,4,49,51,8:00-8:30,215.8182999999999
2025-07-23,5,55,56,9:00-9:20,127.64335000000013
2025-07-23,6,67,68,11:00-11:20,21.88243333333336
2025-07-23,7,108,108,17:50-18:00,7.449483333333338
2025-07-24,1,31,35,5:00-5:50,528.1684666666667
2025-07-24,2,37,41,6:00-6:50,528.9214000000002
2025-07-24,3,43,46,7:00-7:40,442.0733000000002
2025-07-24,4,49,52,8:00-8:40,278.3154166666665
2025-07-24,5,63,63,10:20-10:30,44.705483333333326
2025-07-25,1,31,43,5:00-7:10,1573.0142833333334
2025-07-25,2,46,47,7:30-7:50,92.85376666666653
2025-07-25,3,71,75,11:40-12:30,180.06646666666722
2025-07-25,4,77,78,12:40-13:00,66.52840000000029
2025-07-25,5,83,84,13:40-14:00,59.5008333333332
2025-07-25,6,102,102,16:50-17:00,0.7819833333333008
2025-07-25,7,108,108,17:50-18:00,1.2179999999999986
2025-07-26,1,31,41,5:00-6:50,1320.4244833333335
2025-07-26,2,43,43,7:00-7:10,34.18020000000001
2025-07-26,3,67,71,11:00-11:50,238.9932333333336
2025-07-26,4,102,102,16:50-17:00,44.54973333333335
2025-07-26,5,108,108,17:50-18:00,31.816116666666666
2025-07-27,1,31,35,5:00-5:50,439.6553333333333
2025-07-27,2,37,41,6:00-6:50,502.56840000000017
2025-07-27,3,43,46,7:00-7:40,289.5591666666665
2025-07-27,4,49,52,8:00-8:40,308.48530000000034
2025-07-27,5,55,57,9:00-9:30,370.0647166666664
2025-07-27,6,61,64,10:00-10:40,104.1527500000002
2025-07-27,7,77,78,12:40-13:00,47.20228333333337
2025-07-27,8,81,90,13:20-15:00,921.4929833333333
2025-07-27,9,94,96,15:30-16:00,207.14348333333356
2025-07-27,10,100,102,16:30-17:00,153.55003333333335
2025-07-27,11,108,108,17:50-18:00,26.23750000000001
2025-07-28,1,31,35,5:00-5:50,526.7915999999999
2025-07-28,2,37,41,6:00-6:50,696.5997166666668
2025-07-28,3,43,46,7:00-7:40,377.9402666666668
2025-07-28,4,48,66,7:50-11:00,3224.045866666667
2025-07-28,5,72,72,11:50-12:00,10.912633333333208
2025-07-28,6,74,77,12:10-12:50,103.88968333333347
2025-07-28,7,96,96,15:50-16:00,46.90919999999998
2025-07-28,8,100,102,16:30-17:00,128.3974833333334
2025-07-28,9,107,108,17:40-18:00,59.87446666666666
2025-07-29,1,31,84,5:00-14:00,6711.224399999999
2025-07-29,2,108,108,17:50-18:00,3.63766666666667
2025-07-30,1,31,84,5:00-14:00,8959.416516666666
2025-07-30,2,88,90,14:30-15:00,555.1680333333335
2025-07-30,3,95,96,15:40-16:00,107.46769999999992
2025-07-30,4,102,102,16:50-17:00,40.0981
2025-07-30,5,108,108,17:50-18:00,34.07836666666666
2025-07-31,1,31,78,5:00-13:00,5855.185416666667
2025-07-31,2,83,90,13:40-15:00,647.0390499999999
2025-07-31,3,92,96,15:10-16:00,419.2517333333335
2025-07-31,4,101,102,16:40-17:00,57.40173333333329
2025-07-31,5,108,108,17:50-18:00,7.4147166666666635
2025-08-01,1,31,35,5:00-5:50,706.7755333333333
2025-08-01,2,37,44,6:00-7:20,747.7072166666665
2025-08-01,3,68,68,11:10-11:20,4.072566666666565
2025-08-02,1,31,44,5:00-7:20,1400.9496833333335
2025-08-03,1,31,53,5:00-8:50,3270.698366666666
2025-08-03,2,59,63,9:40-10:30,162.17961666666204
2025-08-03,3,67,76,11:00-12:40,1222.8587166666657
2025-08-03,4,82,84,13:30-14:00,120.26266666666682
2025-08-03,5,96,96,15:50-16:00,22.59375
2025-08-03,6,108,108,17:50-18:00,5.975000000000023
2025-08-04,1,31,35,5:00-5:50,527.4221
2025-08-04,2,37,41,6:00-6:50,838.8359666666665
2025-08-04,3,43,53,7:00-8:50,1600.0086833333335
2025-08-04,4,55,66,9:00-11:00,1271.974216666666
2025-08-04,5,70,71,11:30-11:50,38.104416666666715
2025-08-04,6,75,84,12:20-14:00,670.9700166666657
2025-08-05,1,31,35,5:00-5:50,487.3885333333332
2025-08-05,2,37,41,6:00-6:50,835.5857333333333
2025-08-05,3,43,46,7:00-7:40,561.4235333333334
2025-08-05,4,49,55,8:00-9:10,903.0865999999762
2025-08-05,5,57,78,9:20-13:00,3752.3885333333305
2025-08-05,6,89,90,14:40-15:00,120.19660000000005
2025-08-05,7,108,108,17:50-18:00,12.299999999999992
2025-08-06,1,31,72,5:00-12:00,5748.186333333333
2025-08-06,2,78,78,12:50-13:00,49.090149999999994
2025-08-07,1,31,46,5:00-7:40,1724.5805499999997
2025-08-07,2,49,51,8:00-8:30,332.3645499999999
2025-08-07,3,95,96,15:40-16:00,57.53665
2025-08-07,4,101,102,16:40-17:00,55.00864999999998
2025-08-07,5,108,108,17:50-18:00,16.631249999999984
2025-08-08,1,31,35,5:00-5:50,491.8677333333333
2025-08-08,2,37,45,6:00-7:30,856.5262166666671
2025-08-08,3,78,78,12:50-13:00,43.41291666666689
2025-08-08,4,90,90,14:50-15:00,94.72500000000005
2025-08-08,5,102,102,16:50-17:00,4.6409833333333
2025-08-08,6,108,108,17:50-18:00,0.2513500000000022
2025-08-09,1,31,35,5:00-5:50,504.0609833333333
2025-08-09,2,37,44,6:00-7:20,1015.1603666666663
2025-08-09,3,79,80,13:00-13:20,123.69261666666654
2025-08-10,1,31,35,5:00-5:50,545.6367333333333
2025-08-10,2,37,41,6:00-6:50,922.9700666666668
2025-08-10,3,43,66,7:00-11:00,4448.516933333333
2025-08-11,1,31,35,5:00-5:50,522.2383
2025-08-11,2,37,41,6:00-6:50,732.906
2025-08-11,3,43,53,7:00-8:50,1437.5943000000002
2025-08-11,4,55,58,9:00-9:40,266.72723333333346
2025-08-11,5,61,62,10:00-10:20,304.5336166666669
2025-08-11,6,67,69,11:00-11:30,152.61765000000014
2025-08-11,7,72,72,11:50-12:00,49.51011666666666
2025-08-11,8,79,81,13:00-13:30,93.78186666666684
2025-08-11,9,88,90,14:30-15:00,201.54268333333357
2025-08-11,10,95,96,15:40-16:00,90.06096666666659
2025-08-11,11,102,102,16:50-17:00,75.04483333333329
2025-08-11,12,108,108,17:50-18:00,28.34858333333333
2025-08-12,1,31,47,5:00-7:50,2344.7731500000004
2025-08-12,2,49,59,8:00-9:50,541.3439833333333
2025-08-12,3,61,65,10:00-10:50,159.13944999999984
2025-08-12,4,89,90,14:40-15:00,85.05228333333328
2025-08-12,5,96,96,15:50-16:00,11.515399999999923
2025-08-12,6,102,102,16:50-17:00,33.456366666666625
2025-08-12,7,108,108,17:50-18:00,15.505616666666658
2025-08-13,1,31,35,5:00-5:50,470.31024999999994
2025-08-13,2,37,41,6:00-6:50,781.48425
2025-08-13,3,43,47,7:00-7:50,539.7813666666668
2025-08-13,4,49,69,8:00-11:30,2299.348900000001
2025-08-13,5,75,86,12:20-14:20,1174.7309499999997
2025-08-13,6,89,90,14:40-15:00,140.05773333333337
2025-08-13,7,96,96,15:50-16:00,2.118749999999939
2025-08-13,8,102,102,16:50-17:00,27.212500000000013
2025-08-13,9,108,108,17:50-18:00,26.84374999999998
2025-08-14,1,31,73,5:00-12:10,6153.555699999996
2025-08-14,2,76,79,12:30-13:10,148.21493333333365
2025-08-14,3,82,84,13:30-14:00,81.93761666666734
2025-08-15,1,31,44,5:00-7:20,1571.5058500000002
2025-08-16,1,31,44,5:00-7:20,1838.6189
2025-08-17,1,31,35,5:00-5:50,399.68229999999994
2025-08-17,2,37,41,6:00-6:50,594.5292499999998
2025-08-17,3,43,47,7:00-7:50,1083.8432999999998
2025-08-17,4,49,51,8:00-8:30,256.0903666666666
2025-08-17,5,55,58,9:00-9:40,294.21303333333344
2025-08-17,6,61,63,10:00-10:30,398.1043000000001
2025-08-17,7,101,102,16:40-17:00,91.2739333333333
2025-08-17,8,108,108,17:50-18:00,18.728700000000003
2025-08-18,1,31,35,5:00-5:50,482.99549999999994
2025-08-18,2,37,41,6:00-6:50,693.6499166666665
2025-08-18,3,43,46,7:00-7:40,476.5582166666669
2025-08-18,4,49,53,8:00-8:50,519.1167499999998
2025-08-18,5,55,67,9:00-11:10,1526.5494000000003
2025-08-18,6,70,72,11:30-12:00,51.55108333333344
2025-08-18,7,75,78,12:20-13:00,143.93934999999934
2025-08-18,8,89,90,14:40-15:00,71.6595666666667
2025-08-19,1,31,41,5:00-6:50,1372.1349500000001
2025-08-19,2,43,47,7:00-7:50,807.9788333333329
2025-08-19,3,49,53,8:00-8:50,550.2625333333332
2025-08-19,4,55,56,9:00-9:20,197.00698333333335
2025-08-19,5,58,59,9:30-9:50,19.656266666666546
2025-08-19,6,61,72,10:00-12:00,1037.626066666665
2025-08-19,7,84,84,13:50-14:00,69.84221666666674
2025-08-19,8,89,90,14:40-15:00,67.53264999999995
2025-08-20,1,31,60,5:00-10:00,4286.7306499999995
2025-08-20,2,73,76,12:00-12:40,214.6078166666666
2025-08-20,3,102,102,16:50-17:00,50.57499999999997
2025-08-20,4,108,108,17:50-18:00,12.272549999999985
2025-08-21,1,31,35,5:00-5:50,428.7846666666666
2025-08-21,2,37,41,6:00-6:50,855.7803166666666
2025-08-21,3,43,46,7:00-7:40,499.36046666666664
2025-08-21,4,49,50,8:00-8:20,229.20933333333323
2025-08-21,5,55,59,9:00-9:50,401.77424999999994
2025-08-21,6,61,63,10:00-10:30,241.3168833333337
2025-08-21,7,73,75,12:00-12:30,94.11863333333318
2025-08-21,8,102,102,16:50-17:00,43.78125
2025-08-21,9,108,108,17:50-18:00,5.505350000000002
2025-08-22,1,31,44,5:00-7:20,1572.37155
2025-08-22,2,69,69,11:20-11:30,25.5019333333333
2025-08-23,1,31,35,5:00-5:50,429.32528333333323
2025-08-23,2,37,41,6:00-6:50,620.4528999999998
2025-08-23,3,43,44,7:00-7:20,98.50346666666653
2025-08-23,4,74,78,12:10-13:00,347.85856666665643
2025-08-23,5,84,84,13:50-14:00,26.097233333333406
2025-08-23,6,90,90,14:50-15:00,20.216416666666646
2025-08-23,7,96,96,15:50-16:00,14.91833333333333
2025-08-23,8,101,102,16:40-17:00,116.78953333333325
2025-08-23,9,108,108,17:50-18:00,32.13783333333333
2025-08-24,1,31,59,5:00-9:50,3829.3599666666682
2025-08-24,2,61,71,10:00-11:50,1040.458266666666
2025-08-24,3,96,96,15:50-16:00,14.169466666666569
2025-08-25,1,31,41,5:00-6:50,1035.3750999999997
2025-08-25,2,43,47,7:00-7:50,793.6045166666665
2025-08-25,3,49,51,8:00-8:30,286.8170833333333
2025-08-26,1,31,53,5:00-8:50,3029.2642166666665
2025-08-26,2,55,56,9:00-9:20,47.22969999999981
2025-08-26,3,58,70,9:30-11:40,1340.89063333333
2025-08-26,4,72,72,11:50-12:00,11.549999999999878
2025-08-26,5,74,84,12:10-14:00,1019.8522833333328
2025-08-27,1,31,35,5:00-5:50,339.68848333333335
2025-08-27,2,37,41,6:00-6:50,674.9381000000001
2025-08-27,3,43,46,7:00-7:40,525.6066666666666
2025-08-27,4,49,50,8:00-8:20,113.43426666666663
2025-08-27,5,55,58,9:00-9:40,522.1650166666665
2025-08-27,6,67,78,11:00-13:00,1962.6677166666661
2025-08-27,7,81,90,13:20-15:00,1199.7061666666668
2025-08-27,8,94,96,15:30-16:00,166.72378333333336
2025-08-27,9,108,108,17:50-18:00,5.973966666666674
2025-08-28,1,31,84,5:00-14:00,6584.094516666668
2025-08-28,2,88,90,14:30-15:00,235.20339999999987
2025-08-28,3,95,96,15:40-16:00,102.58281666666667
2025-08-28,4,101,102,16:40-17:00,161.65964999999989
2025-08-28,5,108,108,17:50-18:00,31.478633333333324
2025-08-29,1,31,35,5:00-5:50,315.0314833333333
2025-08-29,2,37,41,6:00-6:50,657.5678166666667
2025-08-29,3,43,46,7:00-7:40,513.9573
2025-08-30,1,31,35,5:00-5:50,348.94159999999994
2025-08-30,2,37,41,6:00-6:50,783.1514833333334
2025-08-30,3,43,44,7:00-7:20,118.78928333333337
2025-08-31,1,31,66,5:00-11:00,6531.054250000003
2025-08-31,2,73,78,12:00-13:00,953.4590499999988
2025-08-31,3,84,84,13:50-14:00,66.60423333333347
2025-08-31,4,102,102,16:50-17:00,11.653716666666696
2025-09-01,1,31,35,5:00-5:50,338.06266666666664
2025-09-01,2,37,41,6:00-6:50,669.9358999999997
2025-09-01,3,43,45,7:00-7:30,428.7394166666666
2025-09-01,4,49,50,8:00-8:20,111.69803333333326
2025-09-01,5,96,96,15:50-16:00,37.33885000000009
2025-09-01,6,102,102,16:50-17:00,15.311899999999998
2025-09-02,1,31,53,5:00-8:50,2444.233800000001
2025-09-02,2,55,58,9:00-9:40,327.11919999999975
2025-09-02,3,61,65,10:00-10:50,557.141616666666
2025-09-02,4,73,78,12:00-13:00,514.4607666666661
2025-09-02,5,82,84,13:30-14:00,232.18184999999977
2025-09-02,6,89,90,14:40-15:00,150.7861666666666
2025-09-02,7,95,96,15:40-16:00,143.69386666666665
2025-09-02,8,102,102,16:50-17:00,38.18125000000001
2025-09-02,9,108,108,17:50-18:00,10.322249999999997
2025-09-03,1,31,47,5:00-7:50,2129.847933333334
2025-09-03,2,49,53,8:00-8:50,591.0564833333337
2025-09-03,3,55,59,9:00-9:50,323.38496666666714
2025-09-03,4,67,69,11:00-11:30,178.51906666666702
2025-09-03,5,90,90,14:50-15:00,6.477766666666563
2025-09-03,6,95,96,15:40-16:00,124.65871666666672
2025-09-03,7,102,102,16:50-17:00,41.02539999999999
2025-09-03,8,108,108,17:50-18:00,9.37915
2025-09-04,1,31,59,5:00-9:50,4140.186383333335
2025-09-04,2,67,70,11:00-11:40,249.66293333333334
2025-09-04,3,72,74,11:50-12:20,42.36618333333323
2025-09-04,4,77,78,12:40-13:00,34.151383333333186
2025-09-04,5,96,96,15:50-16:00,51.99211666666663
2025-09-05,1,31,43,5:00-7:10,1388.844733333333
2025-09-05,2,76,78,12:30-13:00,294.5621666666632
2025-09-05,3,84,84,13:50-14:00,16.44374999999991
2025-09-05,4,89,90,14:40-15:00,72.11009999999987
2025-09-06,1,31,46,5:00-7:40,1397.4674666666667
2025-09-07,1,31,70,5:00-11:40,5580.429633333333
2025-09-07,2,72,72,11:50-12:00,6.986216666666526
2025-09-07,3,76,84,12:30-14:00,522.063416666666
2025-09-07,4,88,90,14:30-15:00,114.9143333333333
2025-09-08,1,31,41,5:00-6:50,1093.9017000000001
2025-09-08,2,43,47,7:00-7:50,703.8915166666663
2025-09-08,3,49,52,8:00-8:40,476.1394333333334
2025-09-08,4,61,61,10:00-10:10,55.91228333333326
2025-09-08,5,81,84,13:20-14:00,327.22341666666654
2025-09-08,6,88,90,14:30-15:00,230.15715000000014
2025-09-08,7,95,96,15:40-16:00,76.87243333333336
2025-09-08,8,108,108,17:50-18:00,2.7311666666666667
2025-09-09,1,31,35,5:00-5:50,193.07346666666663
2025-09-09,2,37,53,6:00-8:50,2707.919866666666
2025-09-09,3,64,72,10:30-12:00,1129.8570666666626
2025-09-09,4,77,78,12:40-13:00,87.99451666666664
2025-09-09,5,82,84,13:30-14:00,245.64518333333322
2025-09-09,6,88,90,14:30-15:00,304.23783333333336
2025-09-09,7,94,96,15:30-16:00,168.94353333333316
2025-09-09,8,102,102,16:50-17:00,41.96691666666667
2025-09-09,9,108,108,17:50-18:00,0.6022833333333324
2025-09-10,1,31,35,5:00-5:50,153.40154999999996
2025-09-10,2,37,53,6:00-8:50,2294.2395666666666
2025-09-10,3,55,57,9:00-9:30,241.5507166666666
2025-09-10,4,61,62,10:00-10:20,129.6316
2025-09-10,5,83,85,13:40-14:10,104.70295000000002
2025-09-10,6,88,90,14:30-15:00,207.85431666666696
2025-09-10,7,95,96,15:40-16:00,87.06358333333333
2025-09-10,8,102,102,16:50-17:00,46.11341666666665
2025-09-10,9,108,108,17:50-18:00,2.012250000000004
2025-09-11,1,31,59,5:00-9:50,4521.208883333333
2025-09-12,1,31,35,5:00-5:50,116.64256666666667
2025-09-12,2,37,41,6:00-6:50,691.9350166666665
2025-09-12,3,43,46,7:00-7:40,439.3801333333334
2025-09-12,4,75,76,12:20-12:40,83.79169999999999
2025-09-12,5,78,78,12:50-13:00,9.49833333333325
2025-09-12,6,80,84,13:10-14:00,245.96606666666634
2025-09-12,7,90,90,14:50-15:00,46.18693333333324
2025-09-13,1,31,45,5:00-7:30,1210.3900833333332
2025-09-13,2,95,96,15:40-16:00,26.226049999999947
2025-09-13,3,102,102,16:50-17:00,1.025916666666679
2025-09-13,4,108,108,17:50-18:00,1.0995833333333327
2025-09-14,1,31,35,5:00-5:50,83.95836666666666
2025-09-14,2,37,41,6:00-6:50,595.1226999999998
2025-09-14,3,43,45,7:00-7:30,288.4409666666667
2025-09-14,4,49,49,8:00-8:10,22.39328333333333
2025-09-14,5,61,63,10:00-10:30,431.3347666666665
2025-09-15,1,31,56,5:00-9:20,3423.7518631687267
2025-09-15,2,64,64,10:30-10:40,35.360699999998246
2025-09-15,3,67,78,11:00-13:00,1036.864316666667
2025-09-15,4,82,84,13:30-14:00,162.33433333333338
2025-09-15,5,89,90,14:40-15:00,78.27929999999999
2025-09-15,6,95,96,15:40-16:00,80.7085499999999
2025-09-15,7,102,102,16:50-17:00,17.671250000000022
2025-09-15,8,108,108,17:50-18:00,1.0079166666666666
2025-09-16,1,31,35,5:00-5:50,69.48755
2025-09-16,2,37,41,6:00-6:50,703.2949000000001
2025-09-16,3,43,47,7:00-7:50,782.4157166666668
2025-09-16,4,49,53,8:00-8:50,630.9386000000003
2025-09-16,5,55,58,9:00-9:40,335.7715666666669
2025-09-16,6,102,102,16:50-17:00,43.65288333333334
2025-09-16,7,108,108,17:50-18:00,3.3814499999999983
2025-09-17,1,31,41,5:00-6:50,788.6383333333332
2025-09-17,2,43,72,7:00-12:00,4494.451383333334
2025-09-17,3,77,78,12:40-13:00,40.9707833333335
2025-09-18,1,31,35,5:00-5:50,31.274300000000004
2025-09-18,2,37,41,6:00-6:50,790.55825
2025-09-18,3,43,57,7:00-9:30,2646.4567666666658
2025-09-18,4,61,72,10:00-12:00,2589.1255166666665
2025-09-18,5,76,84,12:30-14:00,688.1516333333332
2025-09-18,6,90,90,14:50-15:00,39.57075000000001
2025-09-18,7,102,102,16:50-17:00,6.016600000000001
2025-09-19,1,31,47,5:00-7:50,1357.8028499999998
2025-09-19,2,74,78,12:10-13:00,141.5571999999996
2025-09-19,3,83,84,13:40-14:00,116.93846666666664
2025-09-19,4,90,90,14:50-15:00,23.04348333333337
2025-09-20,1,31,33,5:00-5:30,2.96745
2025-09-20,2,35,47,5:40-7:50,1477.087716666667
2025-09-20,3,71,71,11:40-11:50,85.25093333329622
2025-09-20,4,73,74,12:00-12:20,54.03901666666668
2025-09-20,5,108,108,17:50-18:00,0.0637833333333333
2025-09-21,1,37,41,6:00-6:50,658.7865666666668
2025-09-21,2,43,46,7:00-7:40,460.92419999999987
2025-09-21,3,49,53,8:00-8:50,834.3282
2025-09-21,4,55,55,9:00-9:10,13.787066666666608
2025-09-21,5,61,61,10:00-10:10,41.705600000000075
2025-09-21,6,73,78,12:00-13:00,518.9094333333328
2025-09-22,1,37,62,6:00-10:20,3704.629816666666
2025-09-23,1,37,53,6:00-8:50,2545.9680166666667
2025-09-23,2,55,62,9:00-10:20,516.4521999999998
2025-09-23,3,67,72,11:00-12:00,437.86833333333425
2025-09-24,1,37,41,6:00-6:50,678.9548166666666
2025-09-24,2,43,47,7:00-7:50,713.5709499999997
2025-09-24,3,49,58,8:00-9:40,1237.3298000000002
2025-09-24,4,64,78,10:30-13:00,4255.78685
2025-09-24,5,80,84,13:10-14:00,217.5963500000001
2025-09-24,6,90,90,14:50-15:00,52.056249999999935
2025-09-24,7,95,96,15:40-16:00,63.550483333333204
2025-09-24,8,102,102,16:50-17:00,44.57000000000001
2025-09-25,1,37,53,6:00-8:50,2419.1501666666663
2025-09-25,2,55,57,9:00-9:30,158.30060000000003
2025-09-25,3,61,65,10:00-10:50,509.83450000000005
2025-09-25,4,73,73,12:00-12:10,0.06425000000005335
2025-09-25,5,76,78,12:30-13:00,172.11498333333338
2025-09-25,6,82,84,13:30-14:00,176.05181666666672
2025-09-25,7,88,90,14:30-15:00,223.86496666666653
2025-09-26,1,37,41,6:00-6:50,725.8117500000001
2025-09-26,2,43,46,7:00-7:40,551.1968499999999
2025-09-26,3,67,69,11:00-11:30,83.48160000000007
2025-09-27,1,37,46,6:00-7:40,1260.0394166666667
2025-09-27,2,74,84,12:10-14:00,1894.6996499999993
2025-09-27,3,89,90,14:40-15:00,117.68626666666644
2025-09-27,4,95,96,15:40-16:00,87.63880000000002
2025-09-27,5,102,102,16:50-17:00,17.416666666666664
2025-09-28,1,37,58,6:00-9:40,3026.241516666667
2025-09-28,2,61,72,10:00-12:00,1691.720283333334
2025-09-28,3,77,78,12:40-13:00,71.1274999999999
2025-09-28,4,81,84,13:20-14:00,171.42000000000007
2025-09-28,5,87,90,14:20-15:00,251.15258333333333
2025-09-28,6,95,96,15:40-16:00,45.62923333333333
2025-09-29,1,37,41,6:00-6:50,730.34025
2025-09-29,2,43,47,7:00-7:50,769.9158833333335
2025-09-29,3,49,53,8:00-8:50,660.4118166666667
2025-09-29,4,55,59,9:00-9:50,682.0384666666664
2025-09-29,5,61,71,10:00-11:50,891.8393500000006
2025-09-30,1,37,41,6:00-6:50,671.6784833333332
2025-09-30,2,43,72,7:00-12:00,7766.565283333333
2025-10-01,1,37,41,6:00-6:50,829.5271333333332
2025-10-01,2,43,53,7:00-8:50,2105.8952333333336
2025-10-01,3,55,57,9:00-9:30,254.1301666666665
2025-10-01,4,102,102,16:50-17:00,11.141866666666639
2025-10-02,1,37,41,6:00-6:50,810.0039499999999
2025-10-02,2,43,47,7:00-7:50,631.5518500000001
2025-10-02,3,49,52,8:00-8:40,384.6401500000001
2025-10-03,1,37,46,6:00-7:40,1227.6047833333334
2025-10-03,2,90,90,14:50-15:00,27.332233333333228
2025-10-03,3,96,96,15:50-16:00,22.14375000000003
2025-10-03,4,102,102,16:50-17:00,17.615099999999984
2025-10-04,1,37,41,6:00-6:50,733.7667333333334
2025-10-04,2,43,46,7:00-7:40,513.6742999999999
2025-10-05,1,37,41,6:00-6:50,685.7203166666666
2025-10-05,2,43,46,7:00-7:40,372.80433333333326
2025-10-05,3,49,51,8:00-8:30,392.65413333333316
2025-10-05,4,90,90,14:50-15:00,0.047600000000026434
2025-10-06,1,37,57,6:00-9:30,3368.3813999999998
2025-10-06,2,62,84,10:10-14:00,3612.0704499999993
2025-10-06,3,90,90,14:50-15:00,9.452849999999973
2025-10-06,4,102,102,16:50-17:00,30.742933333333326
2025-10-07,1,37,59,6:00-9:50,3600.591116666665
2025-10-07,2,61,71,10:00-11:50,397.08176666666577
2025-10-07,3,78,78,12:50-13:00,7.193449999999757
2025-10-07,4,84,84,13:50-14:00,42.67108333333332
2025-10-07,5,89,90,14:40-15:00,147.36303333333322
2025-10-07,6,95,96,15:40-16:00,143.3556000000001
2025-10-07,7,102,102,16:50-17:00,33.26893333333335
2025-10-08,1,37,66,6:00-11:00,5361.4125
2025-10-08,2,71,78,11:40-13:00,210.1646499999997
2025-10-08,3,81,84,13:20-14:00,98.18583333333328
2025-10-08,4,96,96,15:50-16:00,8.018683333333303
2025-10-08,5,102,102,16:50-17:00,4.539899999999989
2025-10-09,1,37,41,6:00-6:50,655.2938666666668
2025-10-09,2,43,47,7:00-7:50,589.1011833333332
2025-10-09,3,49,52,8:00-8:40,555.0241833333336
2025-10-09,4,55,58,9:00-9:40,303.8287833333335
2025-10-10,1,37,41,6:00-6:50,614.1534833333333
2025-10-10,2,43,46,7:00-7:40,746.3207166666668
2025-10-11,1,37,41,6:00-6:50,606.6897999999999
2025-10-11,2,43,47,7:00-7:50,765.23495
2025-10-11,3,82,84,13:30-14:00,121.40886666666694
2025-10-12,1,37,41,6:00-6:50,603.2919499999999
2025-10-12,2,43,47,7:00-7:50,632.1898500000001
2025-10-12,3,49,53,8:00-8:50,721.7182833333333
2025-10-12,4,55,61,9:00-10:10,769.8779666666669
2025-10-12,5,66,68,10:50-11:20,150.4655666666669
2025-10-12,6,84,84,13:50-14:00,61.222099999999955
2025-10-12,7,89,90,14:40-15:00,77.60560000000001
2025-10-12,8,96,96,15:50-16:00,60.36875000000001
2025-10-12,9,102,102,16:50-17:00,47.780733333333345
2025-10-13,1,37,62,6:00-10:20,4289.1676499999985
2025-10-14,1,37,65,6:00-10:50,4566.666083333333
2025-10-14,2,67,68,11:00-11:20,111.10543333333331
2025-10-14,3,72,72,11:50-12:00,10.178049999999832
2025-10-15,1,37,41,6:00-6:50,616.2389833333333
2025-10-15,2,43,47,7:00-7:50,907.7805499999998
2025-10-15,3,49,67,8:00-11:10,2478.4063000000006
2025-10-16,1,37,72,6:00-12:00,5777.288983333331
2025-10-17,1,37,47,6:00-7:50,1525.4140333333335
2025-10-17,2,75,75,12:20-12:30,15.98624999997574
2025-10-17,3,77,90,12:40-15:00,1908.979483333332
2025-10-17,4,94,96,15:30-16:00,261.17551666666674
2025-10-17,5,102,102,16:50-17:00,52.19441666666667
2025-10-18,1,37,48,6:00-8:00,1576.2638499999998
2025-10-18,2,68,70,11:10-11:40,76.6917999999999
2025-10-19,1,37,41,6:00-6:50,639.7977166666667
2025-10-19,2,43,47,7:00-7:50,939.31285
2025-10-19,3,49,53,8:00-8:50,961.3065333333333
2025-10-19,4,55,70,9:00-11:40,1881.3495499999992
2025-10-19,5,72,72,11:50-12:00,4.49478333333324
2025-10-20,1,37,41,6:00-6:50,583.5769666666667
2025-10-20,2,43,46,7:00-7:40,557.1776166666666
2025-10-20,3,49,53,8:00-8:50,579.1542166666663
2025-10-20,4,55,59,9:00-9:50,460.82348333333323
2025-10-20,5,61,64,10:00-10:40,290.7289666666667
2025-10-20,6,67,72,11:00-12:00,509.14961666666653
2025-10-20,7,78,78,12:50-13:00,27.907799999999952
2025-10-21,1,37,72,6:00-12:00,5290.451450000001
2025-10-22,1,37,41,6:00-6:50,509.52736666666664
2025-10-22,2,43,47,7:00-7:50,853.7269666666665
2025-10-22,3,49,52,8:00-8:40,451.01315
2025-10-22,4,55,78,9:00-13:00,3551.823033333333
2025-10-23,1,37,41,6:00-6:50,436.1021666666667
2025-10-23,2,43,46,7:00-7:40,541.0926333333333
2025-10-23,3,49,50,8:00-8:20,85.17548333333335
2025-10-23,4,55,55,9:00-9:10,13.248399999999947
2025-10-23,5,96,96,15:50-16:00,46.46395000000007
2025-10-23,6,102,102,16:50-17:00,14.585816666666648
2025-10-24,1,37,47,6:00-7:50,1460.0559500000002
2025-10-24,2,49,49,8:00-8:10,20.407116666666752
2025-10-24,3,73,73,12:00-12:10,5.1896499999991565
2025-10-24,4,76,78,12:30-13:00,149.7705666666664
2025-10-24,5,80,84,13:10-14:00,480.4524666666672
2025-10-24,6,88,90,14:30-15:00,212.22004999999973
2025-10-24,7,96,96,15:50-16:00,22.152983333333317
2025-10-25,1,37,41,6:00-6:50,533.1466333333333
2025-10-25,2,43,47,7:00-7:50,894.1068833333335
2025-10-25,3,84,84,13:50-14:00,35.82306666666666
2025-10-25,4,90,90,14:50-15:00,11.37608333333325
2025-10-25,5,102,102,16:50-17:00,19.492283333333337
2025-10-26,1,37,41,6:00-6:50,467.91213333333326
2025-10-26,2,43,46,7:00-7:40,520.5927
2025-10-26,3,49,50,8:00-8:20,136.31046666666663
2025-10-26,4,55,56,9:00-9:20,94.86283333333327
2025-10-26,5,75,75,12:20-12:30,11.733550000000074
2025-10-26,6,84,84,13:50-14:00,55.07058333333331
2025-10-26,7,102,102,16:50-17:00,16.738849999999992
2025-10-27,1,37,41,6:00-6:50,475.6241166666667
2025-10-27,2,43,47,7:00-7:50,638.3120999999999
2025-10-27,3,49,58,8:00-9:40,1481.0806499999999
2025-10-27,4,61,67,10:00-11:10,855.9681166666668
2025-10-27,5,78,78,12:50-13:00,67.19375000000005
2025-10-27,6,83,84,13:40-14:00,72.90223333333338
2025-10-27,7,88,90,14:30-15:00,205.2931666666665
2025-10-27,8,96,96,15:50-16:00,26.317566666666682
2025-10-27,9,102,102,16:50-17:00,10.042199999999998
2025-10-28,1,37,41,6:00-6:50,418.2833166666667
2025-10-28,2,43,47,7:00-7:50,574.6789999999999
2025-10-28,3,49,52,8:00-8:40,448.01303333333345
2025-10-28,4,55,59,9:00-9:50,736.9808666666668
2025-10-28,5,61,72,10:00-12:00,1840.7062500000013
2025-10-28,6,75,84,12:20-14:00,1138.6330499999995
2025-10-28,7,88,90,14:30-15:00,270.1537499999998
2025-10-28,8,95,96,15:40-16:00,73.70873333333331
2025-10-28,9,102,102,16:50-17:00,17.358366666666672
2025-10-29,1,37,41,6:00-6:50,406.9746833333333
2025-10-29,2,43,47,7:00-7:50,661.9558333333335
2025-10-29,3,49,53,8:00-8:50,651.6603166666669
2025-10-29,4,55,66,9:00-11:00,1865.982866666667
2025-10-29,5,102,102,16:50-17:00,5.190866666666655
2025-10-30,1,37,41,6:00-6:50,419.21071666666666
2025-10-30,2,43,47,7:00-7:50,669.8286499999999
2025-10-30,3,49,53,8:00-8:50,758.7299666666665
2025-10-30,4,55,75,9:00-12:30,3083.390016666667
2025-10-30,5,83,84,13:40-14:00,52.0960833333332
2025-10-30,6,88,90,14:30-15:00,263.93404999999984
2025-10-30,7,95,96,15:40-16:00,162.33541666666662
2025-10-30,8,102,102,16:50-17:00,3.6660999999999904
2025-10-31,1,37,41,6:00-6:50,393.2537666666666
2025-10-31,2,43,50,7:00-8:20,1010.5195999999997
2025-10-31,3,64,64,10:30-10:40,5.335066666666535
2025-10-31,4,67,72,11:00-12:00,502.99523333333303
2025-11-01,1,37,49,6:00-8:10,1337.369533333333
2025-11-01,2,68,72,11:10-12:00,114.7382666666532
2025-11-01,3,76,78,12:30-13:00,140.83920000000018
2025-11-01,4,84,84,13:50-14:00,11.960400000000087
2025-11-01,5,102,102,16:50-17:00,6.543666666666657
2025-11-02,1,37,41,6:00-6:50,391.2742166666667
2025-11-02,2,43,72,7:00-12:00,5293.37115
2025-11-02,3,75,78,12:20-13:00,143.4749833333335
2025-11-03,1,37,47,6:00-7:50,1233.1316
2025-11-03,2,49,53,8:00-8:50,706.3622999999997
2025-11-03,3,55,58,9:00-9:40,211.69913333333307
2025-11-03,4,61,65,10:00-10:50,242.8161666666665
2025-11-04,1,37,47,6:00-7:50,1188.5995166666664
2025-11-04,2,49,53,8:00-8:50,857.0153333333329
2025-11-04,3,55,57,9:00-9:30,244.8828666666665
2025-11-04,4,61,72,10:00-12:00,1280.9886333333336
2025-11-04,5,77,78,12:40-13:00,111.69909999999982
2025-11-04,6,84,84,13:50-14:00,35.221733333333304
2025-11-04,7,90,90,14:50-15:00,57.67758333333343
2025-11-04,8,96,96,15:50-16:00,44.941133333333326
2025-11-04,9,102,102,16:50-17:00,6.9855166666666735
2025-11-05,1,37,41,6:00-6:50,366.8304166666666
2025-11-05,2,43,59,7:00-9:50,2258.0729666666675
2025-11-05,3,61,61,10:00-10:10,67.1973833333333
2025-11-06,1,37,41,6:00-6:50,323.2093499999999
2025-11-06,2,43,72,7:00-12:00,3902.209216666667
2025-11-06,3,89,90,14:40-15:00,86.11104999999998
2025-11-06,4,102,102,16:50-17:00,13.916950000000003
2025-11-07,1,37,41,6:00-6:50,271.12768333333327
2025-11-07,2,43,47,7:00-7:50,699.9721333333333
2025-11-07,3,49,51,8:00-8:30,305.47873333333325
2025-11-07,4,54,54,8:50-9:00,14.581850000000031
2025-11-07,5,72,78,11:50-13:00,243.67785000000003
2025-11-07,6,90,90,14:50-15:00,14.004350000000006
2025-11-07,7,96,96,15:50-16:00,44.53360000000005
2025-11-07,8,102,102,16:50-17:00,8.696733333333336
2025-11-08,1,37,41,6:00-6:50,318.23305
2025-11-08,2,43,47,7:00-7:50,625.7151000000001
2025-11-08,3,49,49,8:00-8:10,49.75876666666662
2025-11-08,4,67,69,11:00-11:30,162.50399999999976
2025-11-08,5,90,90,14:50-15:00,34.68846666666665
2025-11-08,6,102,102,16:50-17:00,6.7251666666666665
2025-11-09,1,37,58,6:00-9:40,2415.408966666666
2025-11-09,2,61,64,10:00-10:40,276.37751666666674
2025-11-09,3,68,71,11:10-11:50,138.55968333333354
2025-11-09,4,90,90,14:50-15:00,35.9064166666667
2025-11-09,5,96,96,15:50-16:00,48.90369999999999
2025-11-09,6,102,102,16:50-17:00,13.303883333333335
2025-11-10,1,37,41,6:00-6:50,251.2953333333333
2025-11-10,2,43,47,7:00-7:50,776.6689499999999
2025-11-10,3,49,78,8:00-13:00,3707.5725166666657
2025-11-11,1,37,41,6:00-6:50,230.24325
2025-11-11,2,43,47,7:00-7:50,655.0354666666666
2025-11-11,3,49,52,8:00-8:40,363.98739999999987
2025-11-11,4,55,56,9:00-9:20,136.89336666666668
2025-11-11,5,61,62,10:00-10:20,174.15086666666653
2025-11-12,1,37,41,6:00-6:50,254.4853
2025-11-12,2,43,66,7:00-11:00,3589.0184166666654
2025-11-12,3,84,84,13:50-14:00,8.645649999999932
2025-11-12,4,96,96,15:50-16:00,29.881350000000033
2025-11-12,5,102,102,16:50-17:00,8.106216666666672
2025-11-13,1,37,41,6:00-6:50,256.27956666666665
2025-11-13,2,43,47,7:00-7:50,660.6386833333333
2025-11-13,3,49,52,8:00-8:40,531.6320499999999
2025-11-13,4,55,56,9:00-9:20,90.61258333333338
2025-11-13,5,61,64,10:00-10:40,274.33983333333344
2025-11-13,6,67,84,11:00-14:00,2348.8546833333326
2025-11-13,7,87,90,14:20-15:00,331.0463666666669
2025-11-13,8,95,96,15:40-16:00,109.06254999999994
2025-11-13,9,102,102,16:50-17:00,4.792616666666665
2025-11-14,1,37,50,6:00-8:20,1257.7838666666662
2025-11-14,2,65,78,10:40-13:00,947.2581
2025-11-14,3,84,84,13:50-14:00,38.87060000000004
2025-11-14,4,90,90,14:50-15:00,1.9393166666667032
2025-11-14,5,96,96,15:50-16:00,24.08546666666666
2025-11-14,6,102,102,16:50-17:00,1.9615166666666728
2025-11-15,1,37,41,6:00-6:50,195.95655
2025-11-15,2,43,47,7:00-7:50,725.2170666666667
2025-11-15,3,49,51,8:00-8:30,315.4720333333333
2025-11-15,4,55,56,9:00-9:20,111.97048333333333
2025-11-15,5,61,62,10:00-10:20,65.8144333333333
2025-11-16,1,37,65,6:00-10:50,2903.9943999999996
2025-11-16,2,67,72,11:00-12:00,579.3010833333335
2025-11-16,3,75,78,12:20-13:00,112.66974999999971
2025-11-16,4,83,84,13:40-14:00,79.95188333333331
2025-11-16,5,89,90,14:40-15:00,105.33508333333344
2025-11-16,6,95,96,15:40-16:00,71.2758333333333
2025-11-16,7,102,102,16:50-17:00,10.3351
2025-11-17,1,37,41,6:00-6:50,146.49766666666665
2025-11-17,2,43,72,7:00-12:00,5172.3988
2025-11-17,3,74,84,12:10-14:00,839.8502999999997
2025-11-17,4,89,90,14:40-15:00,121.73531666666682
2025-11-17,5,96,96,15:50-16:00,7.26281666666667
2025-11-18,1,37,78,6:00-13:00,5227.9048833333345
2025-11-19,1,37,78,6:00-13:00,5211.783100000001
2025-11-19,2,83,84,13:40-14:00,38.332749999999876
2025-11-19,3,95,96,15:40-16:00,87.09071666666667
2025-11-19,4,102,102,16:50-17:00,8.94868333333333
2025-11-20,1,37,41,6:00-6:50,154.99524999999997
2025-11-20,2,43,47,7:00-7:50,682.9364666666665
2025-11-20,3,49,66,8:00-11:00,2610.790633333332
2025-11-20,4,71,78,11:40-13:00,827.7773999999991
2025-11-20,5,83,84,13:40-14:00,109.02531666666663
2025-11-20,6,89,90,14:40-15:00,132.48808333333324
2025-11-20,7,95,96,15:40-16:00,83.86386666666672
2025-11-21,1,37,50,6:00-8:20,1203.4551999999999
2025-11-21,2,67,78,11:00-13:00,1133.418383333333
2025-11-21,3,80,84,13:10-14:00,370.6459166666665
2025-11-21,4,89,90,14:40-15:00,75.68306666666679
2025-11-21,5,96,96,15:50-16:00,46.05435
2025-11-21,6,102,102,16:50-17:00,0.29911666666666764
2025-11-22,1,37,41,6:00-6:50,99.02811666666668
2025-11-22,2,43,47,7:00-7:50,683.7438833333333
2025-11-22,3,49,52,8:00-8:40,312.16846666666663
2025-11-22,4,55,58,9:00-9:40,317.85075000000023
2025-11-22,5,61,63,10:00-10:30,100.27651666666648
2025-11-22,6,96,96,15:50-16:00,2.9910500000000106
2025-11-22,7,102,102,16:50-17:00,1.6450333333333351
2025-11-23,1,37,77,6:00-12:50,5465.504600000003
2025-11-23,2,84,84,13:50-14:00,50.51230000000002
2025-11-23,3,90,90,14:50-15:00,43.91348333333341
2025-11-23,4,96,96,15:50-16:00,30.327399999999972
2025-11-24,1,37,78,6:00-13:00,4272.7096
2025-11-24,2,81,84,13:20-14:00,192.50320000000025
2025-11-24,3,89,90,14:40-15:00,83.01218333333318
2025-11-24,4,96,96,15:50-16:00,17.99221666666665
2025-11-25,1,37,41,6:00-6:50,87.83563333333333
2025-11-25,2,43,47,7:00-7:50,656.9428166666667
2025-11-25,3,49,52,8:00-8:40,390.38363333333336
2025-11-25,4,55,57,9:00-9:30,355.37323333333353
2025-11-25,5,61,63,10:00-10:30,98.54563333333302
2025-11-26,1,37,41,6:00-6:50,78.52988333333333
2025-11-26,2,43,66,7:00-11:00,3447.8593499999993
2025-11-26,3,96,96,15:50-16:00,31.721283333333304
2025-11-26,4,102,102,16:50-17:00,5.90305
2025-11-27,1,37,63,6:00-10:30,3007.8689333333327
2025-11-27,2,67,72,11:00-12:00,460.94671666666665
2025-11-27,3,77,78,12:40-13:00,78.9682333333335
2025-11-27,4,84,84,13:50-14:00,2.9683833333333496
2025-11-27,5,89,90,14:40-15:00,66.70869999999998
2025-11-27,6,96,96,15:50-16:00,36.57906666666668
2025-11-27,7,102,102,16:50-17:00,0.802400000000001
2025-11-28,1,37,41,6:00-6:50,60.88331666666666
2025-11-28,2,43,47,7:00-7:50,679.6365999999999
2025-11-28,3,49,53,8:00-8:50,498.3564059670783
2025-11-28,4,64,64,10:30-10:40,34.09378333334026
2025-11-28,5,67,78,11:00-13:00,956.3639833333332
2025-11-28,6,83,84,13:40-14:00,54.05046666666658
2025-11-28,7,90,90,14:50-15:00,13.334033333333128
2025-11-28,8,96,96,15:50-16:00,19.250050000000023
2025-11-29,1,37,41,6:00-6:50,56.476
2025-11-29,2,43,47,7:00-7:50,578.93265
2025-11-29,3,49,52,8:00-8:40,385.82091666666656
2025-11-29,4,55,56,9:00-9:20,120.24756666666666
2025-11-30,1,37,62,6:00-10:20,3045.8306166666675
2025-11-30,2,73,73,12:00-12:10,9.08688333333339
2025-11-30,3,76,78,12:30-13:00,66.89296666666662
2025-11-30,4,82,84,13:30-14:00,183.81901666666664
2025-11-30,5,88,90,14:30-15:00,263.00878333333344
2025-11-30,6,95,96,15:40-16:00,59.630100000000006
2025-11-30,7,102,102,16:50-17:00,0.33361666666666656
2025-12-01,1,37,41,6:00-6:50,36.78553333333333
2025-12-01,2,43,47,7:00-7:50,558.9253166666666
2025-12-01,3,49,52,8:00-8:40,336.1369499999999
2025-12-01,4,55,58,9:00-9:40,335.21676666666656
2025-12-01,5,61,65,10:00-10:50,874.0365166666663
2025-12-01,6,102,102,16:50-17:00,1.4248333333333332
2025-12-02,1,37,53,6:00-8:50,1565.4032666666667
2025-12-02,2,55,58,9:00-9:40,270.2310666666664
2025-12-02,3,61,62,10:00-10:20,85.54198333333336
2025-12-02,4,96,96,15:50-16:00,1.4840833333333496
2025-12-02,5,102,102,16:50-17:00,0.9259166666666669
2025-12-03,1,37,41,6:00-6:50,27.982749999999996
2025-12-03,2,43,47,7:00-7:50,645.9956833333331
2025-12-03,3,49,84,8:00-14:00,5599.996916666667
2025-12-03,4,87,90,14:20-15:00,352.7530666666664
2025-12-03,5,95,96,15:40-16:00,70.32686666666666
2025-12-03,6,102,102,16:50-17:00,0.3655000000000008
2025-12-04,1,37,41,6:00-6:50,19.718066666666665
2025-12-04,2,43,67,7:00-11:10,3815.005266666666
2025-12-05,1,37,41,6:00-6:50,14.608416666666665
2025-12-05,2,43,53,7:00-8:50,1329.5598666666667
2025-12-05,3,55,58,9:00-9:40,429.6413499999996
2025-12-05,4,61,63,10:00-10:30,42.97436666666681
2025-12-05,5,67,72,11:00-12:00,256.5055666666661
2025-12-05,6,84,84,13:50-14:00,46.1256166666667
2025-12-05,7,89,90,14:40-15:00,47.149966666666685
2025-12-05,8,96,96,15:50-16:00,46.12101666666664
2025-12-05,9,102,102,16:50-17:00,0.22286666666666655
2025-12-06,1,37,41,6:00-6:50,11.208266666666667
2025-12-06,2,43,47,7:00-7:50,620.19865
2025-12-06,3,49,52,8:00-8:40,501.10445
2025-12-06,4,55,58,9:00-9:40,215.84094999999976
2025-12-06,5,61,69,10:00-11:30,558.5846666666669
2025-12-06,6,72,72,11:50-12:00,2.097933333333306
2025-12-06,7,102,102,16:50-17:00,0.007716666666666741
2025-12-07,1,37,53,6:00-8:50,1522.4553499999997
2025-12-07,2,55,57,9:00-9:30,103.61924999999995
2025-12-08,1,37,41,6:00-6:50,5.8840666666666674
2025-12-08,2,43,52,7:00-8:40,1185.7734833333332
2025-12-08,3,55,56,9:00-9:20,27.82066666666666
2025-12-08,4,81,84,13:20-14:00,62.1877666666666
2025-12-08,5,90,90,14:50-15:00,7.368483333333339
2025-12-08,6,96,96,15:50-16:00,40.71161666666667
2025-12-08,7,102,102,16:50-17:00,0.005766666666666549
2025-12-09,1,37,39,6:00-6:30,2.14935
2025-12-09,2,41,47,6:40-7:50,581.78955
2025-12-09,3,49,53,8:00-8:50,639.8551499999999
2025-12-09,4,55,57,9:00-9:30,305.9103666666665
2025-12-09,5,84,84,13:50-14:00,15.15635000000005
2025-12-09,6,89,90,14:40-15:00,40.33663333333334
2025-12-09,7,96,96,15:50-16:00,50.40288333333334
2025-12-09,8,102,102,16:50-17:00,0.10761666666666661
2025-12-10,1,37,39,6:00-6:30,0.8890666666666664
2025-12-10,2,41,41,6:40-6:50,0.32709999999999995
2025-12-10,3,43,72,7:00-12:00,4847.683233333334
2025-12-10,4,75,78,12:20-13:00,148.88068333333314
2025-12-11,1,43,47,7:00-7:50,745.9940833333334
2025-12-11,2,49,53,8:00-8:50,588.6790666666666
2025-12-11,3,55,59,9:00-9:50,447.11320000000023
2025-12-11,4,61,64,10:00-10:40,295.1355166666669
2025-12-12,1,43,57,7:00-9:30,1798.1836666666663
2025-12-12,2,61,65,10:00-10:50,273.51114999999993
2025-12-12,3,79,79,13:00-13:10,16.7822833333333
2025-12-12,4,81,84,13:20-14:00,247.32304999999997
2025-12-12,5,89,90,14:40-15:00,99.50040000000004
2025-12-12,6,95,96,15:40-16:00,54.92976666666667
2025-12-13,1,43,47,7:00-7:50,573.1075333333332
2025-12-13,2,49,52,8:00-8:40,395.5779999999998
2025-12-13,3,55,57,9:00-9:30,138.75248333333326
2025-12-13,4,61,62,10:00-10:20,80.46629999999973
2025-12-13,5,67,67,11:00-11:10,35.117949999999986
2025-12-13,6,70,71,11:30-11:50,3.680583333333288
2025-12-13,7,78,78,12:50-13:00,44.6574666666667
2025-12-13,8,82,84,13:30-14:00,212.35438333333346
2025-12-13,9,87,90,14:20-15:00,180.57400000000007
2025-12-13,10,96,96,15:50-16:00,51.53549999999999
2025-12-14,1,43,78,7:00-13:00,5244.526200000001
2025-12-14,2,82,84,13:30-14:00,122.6903000000002
2025-12-14,3,90,90,14:50-15:00,28.1271166666667
2025-12-14,4,96,96,15:50-16:00,12.137200000000007
2025-12-15,1,43,78,7:00-13:00,6133.928749999999
2025-12-15,2,82,84,13:30-14:00,120.75333333333354
2025-12-15,3,89,90,14:40-15:00,78.8158999999999
2025-12-15,4,96,96,15:50-16:00,2.8029833333333345
2025-12-16,1,43,47,7:00-7:50,594.8643166666667
2025-12-16,2,49,53,8:00-8:50,500.05018333333317
2025-12-16,3,55,72,9:00-12:00,1363.093266666667
2025-12-16,4,75,78,12:20-13:00,125.43163333333297
2025-12-17,1,43,47,7:00-7:50,608.3478833333332
2025-12-17,2,49,53,8:00-8:50,487.1421166666665
2025-12-17,3,55,58,9:00-9:40,310.7137999999999
2025-12-17,4,84,84,13:50-14:00,1.2333666666666734
2025-12-17,5,90,90,14:50-15:00,17.11678333333331
2025-12-17,6,96,96,15:50-16:00,15.361316666666653
2025-12-18,1,43,47,7:00-7:50,694.6039499999999
2025-12-18,2,49,59,8:00-9:50,1034.1302499999997
2025-12-18,3,61,71,10:00-11:50,1168.9632166666663
2025-12-18,4,77,78,12:40-13:00,48.76743333333327
2025-12-18,5,83,84,13:40-14:00,82.70698333333348
2025-12-18,6,89,90,14:40-15:00,66.33795
2025-12-18,7,96,96,15:50-16:00,25.481250000000006
2025-12-19,1,43,47,7:00-7:50,563.4141666666667
2025-12-19,2,49,78,8:00-13:00,3567.581833333333
2025-12-19,3,82,84,13:30-14:00,194.76726666666656
2025-12-19,4,90,90,14:50-15:00,3.3553999999999933
2025-12-20,1,43,47,7:00-7:50,607.9507333333335
2025-12-20,2,49,59,8:00-9:50,1317.6520666666668
2025-12-20,3,61,72,10:00-12:00,744.424233333333
2025-12-20,4,77,78,12:40-13:00,55.44890000000001
2025-12-21,1,43,53,7:00-8:50,1275.8069666666668
2025-12-21,2,55,58,9:00-9:40,386.06651666666636
2025-12-21,3,61,71,10:00-11:50,437.53833333333347
2025-12-21,4,76,78,12:30-13:00,87.49165000000009
2025-12-21,5,84,84,13:50-14:00,11.034483333333355
2025-12-21,6,89,90,14:40-15:00,68.09290000000001
2025-12-21,7,96,96,15:50-16:00,6.036016666666645
2025-12-22,1,43,47,7:00-7:50,595.4361833333332
2025-12-22,2,49,59,8:00-9:50,1182.9306499999998
2025-12-22,3,61,78,10:00-13:00,2009.0412333333331
2025-12-22,4,84,84,13:50-14:00,20.17455000000003
2025-12-22,5,90,90,14:50-15:00,26.02356666666666
2025-12-23,1,43,47,7:00-7:50,614.9907999999999
2025-12-23,2,49,52,8:00-8:40,427.9501
2025-12-23,3,55,56,9:00-9:20,172.70814999999993
2025-12-23,4,61,62,10:00-10:20,44.3143833333332
2025-12-23,5,73,78,12:00-13:00,75.96736666666673
2025-12-23,6,84,84,13:50-14:00,22.018533333333227
2025-12-23,7,90,90,14:50-15:00,16.485083333333325
2025-12-23,8,96,96,15:50-16:00,5.46875
2025-12-24,1,43,47,7:00-7:50,709.7845166666665
2025-12-24,2,49,59,8:00-9:50,891.6033833333331
2025-12-24,3,61,72,10:00-12:00,921.5412499999999
2025-12-24,4,77,78,12:40-13:00,47.687349999999995
2025-12-24,5,90,90,14:50-15:00,24.756849999999986
2025-12-25,1,43,78,7:00-13:00,4799.846166666664
2025-12-25,2,83,84,13:40-14:00,108.3173500000001
2025-12-25,3,88,90,14:30-15:00,109.12105000000004
2025-12-25,4,96,96,15:50-16:00,16.295366666666645
2025-12-26,1,43,65,7:00-10:50,3421.741366666667
2025-12-26,2,67,72,11:00-12:00,264.60638333333293
2025-12-26,3,75,78,12:20-13:00,213.75255000000016
2025-12-26,4,82,84,13:30-14:00,53.65289999999989
2025-12-26,5,89,90,14:40-15:00,47.45936666666663
2025-12-27,1,43,72,7:00-12:00,3873.1273333333334
2025-12-27,2,90,90,14:50-15:00,35.645133333333355
2025-12-28,1,43,47,7:00-7:50,581.3802999999999
2025-12-28,2,49,72,8:00-12:00,2869.6114999999995
2025-12-28,3,96,96,15:50-16:00,1.9363500000000233
2025-12-29,1,43,53,7:00-8:50,1689.7170333333333
2025-12-29,2,55,59,9:00-9:50,588.1976499999997
2025-12-29,3,61,74,10:00-12:20,1204.6859499999998
2025-12-29,4,77,78,12:40-13:00,91.26838333333353
2025-12-29,5,80,84,13:10-14:00,127.08561666666688
2025-12-29,6,90,90,14:50-15:00,31.795899999999996
2025-12-30,1,43,71,7:00-11:50,3599.03265
2025-12-31,1,37,39,6:00-6:30,0.28236666666666665
2025-12-31,2,41,41,6:40-6:50,0.12141666666666667
2025-12-31,3,43,47,7:00-7:50,724.61485
2025-12-31,4,49,53,8:00-8:50,648.5941666666669
2025-12-31,5,55,59,9:00-9:50,264.1230999999996
2025-12-31,6,61,63,10:00-10:30,123.95618333333339
2025-12-31,7,75,78,12:20-13:00,84.91679999999965
2025-12-31,8,82,84,13:30-14:00,220.00226666666686
2025-12-31,9,89,90,14:40-15:00,41.37780000000005
2025-12-31,10,96,96,15:50-16:00,4.6875
